,Hospital
0,BDFHospital
1,BDFHospital
2,BDFHospital
3,RashidHospital
4,RashidHospital
5,RustaqHospital
6,SalmaniyaHospital
7,MubarakAlKabeerHospital
8,ArmedForcesHospital
9,BahlaHospital
10,BahlaHospital
11,BuramiHospital
12,IbriHospital
13,NizwaHospital
14,NizwaHospital
15,RustaqHospital
16,BahlaHospital
17,BuramiHospital
18,RustaqHospital
19,KhorfakanHospital
20,SalmaniyaHospital
21,BahlaHospital
22,SoharHospital
23,SoharHospital
24,SoharHospital
25,BahlaHospital
26,RustaqHospital
27,RustaqHospital
28,SoharHospital
29,SalmaniyaHospital
30,SalmaniyaHospital
31,SalmaniyaHospital
32,SalmaniyaHospital
33,SalmaniyaHospital
34,SalmaniyaHospital
35,SalmaniyaHospital
36,SalmaniyaHospital
37,SalmaniyaHospital
38,SalmaniyaHospital
39,SalmaniyaHospital
40,SalmaniyaHospital
41,SalmaniyaHospital
42,SalmaniyaHospital
43,SalmaniyaHospital
44,SalmaniyaHospital
45,SalmaniyaHospital
46,SalmaniyaHospital
47,SalmaniyaHospital
48,SalmaniyaHospital
49,SalmaniyaHospital
50,SalmaniyaHospital
51,SalmaniyaHospital
52,SalmaniyaHospital
53,SalmaniyaHospital
54,SalmaniyaHospital
55,SalmaniyaHospital
56,SalmaniyaHospital
57,SalmaniyaHospital
58,SalmaniyaHospital
59,SalmaniyaHospital
60,SalmaniyaHospital
61,SalmaniyaHospital
62,SalmaniyaHospital
63,SalmaniyaHospital
64,SalmaniyaHospital
65,SalmaniyaHospital
66,SalmaniyaHospital
67,SalmaniyaHospital
68,SalmaniyaHospital
69,SalmaniyaHospital
70,SalmaniyaHospital
71,SalmaniyaHospital
72,SalmaniyaHospital
73,SalmaniyaHospital
74,SalmaniyaHospital
75,SalmaniyaHospital
76,SalmaniyaHospital
77,SalmaniyaHospital
78,SalmaniyaHospital
79,SalmaniyaHospital
80,SalmaniyaHospital
81,SalmaniyaHospital
82,SalmaniyaHospital
83,SalmaniyaHospital
84,SalmaniyaHospital
85,SalmaniyaHospital
86,BDFHospital
87,BDFHospital
88,BDFHospital
89,BDFHospital
90,BDFHospital
91,BDFHospital
92,BDFHospital
93,BDFHospital
94,BDFHospital
95,BDFHospital
96,BDFHospital
97,BDFHospital
98,BDFHospital
99,BDFHospital
100,BDFHospital
101,BDFHospital
102,BDFHospital
103,BDFHospital
104,BDFHospital
105,BDFHospital
106,BDFHospital
107,BDFHospital
108,BDFHospital
109,BDFHospital
110,BDFHospital
111,BDFHospital
112,BDFHospital
113,BDFHospital
114,BDFHospital
115,BDFHospital
116,BDFHospital
117,BDFHospital
118,BDFHospital
119,BDFHospital
120,BDFHospital
121,BDFHospital
122,BDFHospital
123,BDFHospital
124,BDFHospital
125,BDFHospital
126,BDFHospital
127,BDFHospital
128,BDFHospital
129,BDFHospital
130,BDFHospital
131,BDFHospital
132,BDFHospital
133,BDFHospital
134,BDFHospital
135,BDFHospital
136,BDFHospital
137,BDFHospital
138,BDFHospital
139,BDFHospital
140,BDFHospital
141,BDFHospital
142,BDFHospital
143,BDFHospital
144,BDFHospital
145,BDFHospital
146,BDFHospital
147,BDFHospital
148,BDFHospital
149,BDFHospital
150,BDFHospital
151,BDFHospital
152,BDFHospital
153,AdanHospital
154,AdanHospital
155,AdanHospital
156,AdanHospital
157,AdanHospital
158,AdanHospital
159,AdanHospital
160,AdanHospital
161,AdanHospital
162,AdanHospital
163,AdanHospital
164,AdanHospital
165,AdanHospital
166,AdanHospital
167,AdanHospital
168,AdanHospital
169,AdanHospital
170,AdanHospital
171,AdanHospital
172,AdanHospital
173,AdanHospital
174,AdanHospital
175,AdanHospital
176,AdanHospital
177,AdanHospital
178,AdanHospital
179,AdanHospital
180,AdanHospital
181,AdanHospital
182,AdanHospital
183,AdanHospital
184,AdanHospital
185,AdanHospital
186,AdanHospital
187,AdanHospital
188,AdanHospital
189,AdanHospital
190,AdanHospital
191,AdanHospital
192,AdanHospital
193,AdanHospital
194,AdanHospital
195,AdanHospital
196,AdanHospital
197,AdanHospital
198,AdanHospital
199,AdanHospital
200,AdanHospital
201,AdanHospital
202,AdanHospital
203,AdanHospital
204,AdanHospital
205,AdanHospital
206,AdanHospital
207,AdanHospital
208,AdanHospital
209,AdanHospital
210,AdanHospital
211,AdanHospital
212,AdanHospital
213,AdanHospital
214,AdanHospital
215,AdanHospital
216,AdanHospital
217,AdanHospital
218,AdanHospital
219,AdanHospital
220,AdanHospital
221,AdanHospital
222,AdanHospital
223,AdanHospital
224,AdanHospital
225,AdanHospital
226,AdanHospital
227,AdanHospital
228,AdanHospital
229,AdanHospital
230,AdanHospital
231,AdanHospital
232,AdanHospital
233,AdanHospital
234,AdanHospital
235,AdanHospital
236,AdanHospital
237,AdanHospital
238,AdanHospital
239,AdanHospital
240,AdanHospital
241,AdanHospital
242,AdanHospital
243,AdanHospital
244,AdanHospital
245,AdanHospital
246,AdanHospital
247,AdanHospital
248,AdanHospital
249,AdanHospital
250,AdanHospital
251,AdanHospital
252,AdanHospital
253,AdanHospital
254,AdanHospital
255,AdanHospital
256,AdanHospital
257,AdanHospital
258,AdanHospital
259,AdanHospital
260,AdanHospital
261,AdanHospital
262,AdanHospital
263,AdanHospital
264,AdanHospital
265,AdanHospital
266,AdanHospital
267,FarwaniyaHospital
268,FarwaniyaHospital
269,FarwaniyaHospital
270,FarwaniyaHospital
271,FarwaniyaHospital
272,FarwaniyaHospital
273,FarwaniyaHospital
274,FarwaniyaHospital
275,FarwaniyaHospital
276,FarwaniyaHospital
277,FarwaniyaHospital
278,FarwaniyaHospital
279,FarwaniyaHospital
280,FarwaniyaHospital
281,FarwaniyaHospital
282,FarwaniyaHospital
283,FarwaniyaHospital
284,FarwaniyaHospital
285,FarwaniyaHospital
286,FarwaniyaHospital
287,FarwaniyaHospital
288,FarwaniyaHospital
289,FarwaniyaHospital
290,FarwaniyaHospital
291,FarwaniyaHospital
292,FarwaniyaHospital
293,FarwaniyaHospital
294,FarwaniyaHospital
295,FarwaniyaHospital
296,FarwaniyaHospital
297,FarwaniyaHospital
298,FarwaniyaHospital
299,FarwaniyaHospital
300,FarwaniyaHospital
301,FarwaniyaHospital
302,FarwaniyaHospital
303,FarwaniyaHospital
304,FarwaniyaHospital
305,FarwaniyaHospital
306,FarwaniyaHospital
307,FarwaniyaHospital
308,FarwaniyaHospital
309,FarwaniyaHospital
310,FarwaniyaHospital
311,FarwaniyaHospital
312,FarwaniyaHospital
313,FarwaniyaHospital
314,FarwaniyaHospital
315,FarwaniyaHospital
316,FarwaniyaHospital
317,FarwaniyaHospital
318,FarwaniyaHospital
319,FarwaniyaHospital
320,FarwaniyaHospital
321,FarwaniyaHospital
322,FarwaniyaHospital
323,FarwaniyaHospital
324,FarwaniyaHospital
325,FarwaniyaHospital
326,FarwaniyaHospital
327,JahraHospital
328,JahraHospital
329,JahraHospital
330,JahraHospital
331,JahraHospital
332,JahraHospital
333,JahraHospital
334,JahraHospital
335,JahraHospital
336,JahraHospital
337,JahraHospital
338,JahraHospital
339,JahraHospital
340,JahraHospital
341,JahraHospital
342,JahraHospital
343,JahraHospital
344,JahraHospital
345,JahraHospital
346,JahraHospital
347,JahraHospital
348,JahraHospital
349,JahraHospital
350,JahraHospital
351,JahraHospital
352,JahraHospital
353,JahraHospital
354,JahraHospital
355,JahraHospital
356,JahraHospital
357,JahraHospital
358,JahraHospital
359,JahraHospital
360,JahraHospital
361,JahraHospital
362,JahraHospital
363,JahraHospital
364,JahraHospital
365,JahraHospital
366,JahraHospital
367,JahraHospital
368,JahraHospital
369,JahraHospital
370,JahraHospital
371,JahraHospital
372,JahraHospital
373,JahraHospital
374,JahraHospital
375,JahraHospital
376,JahraHospital
377,JahraHospital
378,JahraHospital
379,JahraHospital
380,JahraHospital
381,JahraHospital
382,JahraHospital
383,JahraHospital
384,JahraHospital
385,JahraHospital
386,JahraHospital
387,JahraHospital
388,JahraHospital
389,JahraHospital
390,JahraHospital
391,JahraHospital
392,JahraHospital
393,JahraHospital
394,JahraHospital
395,JahraHospital
396,JahraHospital
397,JahraHospital
398,JahraHospital
399,JahraHospital
400,JahraHospital
401,JahraHospital
402,JahraHospital
403,JahraHospital
404,JahraHospital
405,JahraHospital
406,JahraHospital
407,JahraHospital
408,JahraHospital
409,JahraHospital
410,JahraHospital
411,JahraHospital
412,JahraHospital
413,JahraHospital
414,JahraHospital
415,JahraHospital
416,JahraHospital
417,JahraHospital
418,JahraHospital
419,JahraHospital
420,JahraHospital
421,JahraHospital
422,JahraHospital
423,JahraHospital
424,JahraHospital
425,JahraHospital
426,JahraHospital
427,JahraHospital
428,JahraHospital
429,JahraHospital
430,AhmadiKOCHospital
431,AhmadiKOCHospital
432,AhmadiKOCHospital
433,AhmadiKOCHospital
434,AhmadiKOCHospital
435,AhmadiKOCHospital
436,AhmadiKOCHospital
437,AhmadiKOCHospital
438,AhmadiKOCHospital
439,MubarakAlKabeerHospital
440,MubarakAlKabeerHospital
441,MubarakAlKabeerHospital
442,MubarakAlKabeerHospital
443,MubarakAlKabeerHospital
444,MubarakAlKabeerHospital
445,MubarakAlKabeerHospital
446,MubarakAlKabeerHospital
447,MubarakAlKabeerHospital
448,MubarakAlKabeerHospital
449,MubarakAlKabeerHospital
450,MubarakAlKabeerHospital
451,MubarakAlKabeerHospital
452,MubarakAlKabeerHospital
453,MubarakAlKabeerHospital
454,MubarakAlKabeerHospital
455,MubarakAlKabeerHospital
456,MubarakAlKabeerHospital
457,MubarakAlKabeerHospital
458,MubarakAlKabeerHospital
459,MubarakAlKabeerHospital
460,MubarakAlKabeerHospital
461,MubarakAlKabeerHospital
462,MubarakAlKabeerHospital
463,MubarakAlKabeerHospital
464,MubarakAlKabeerHospital
465,MubarakAlKabeerHospital
466,MubarakAlKabeerHospital
467,MubarakAlKabeerHospital
468,MubarakAlKabeerHospital
469,MubarakAlKabeerHospital
470,MubarakAlKabeerHospital
471,MubarakAlKabeerHospital
472,MubarakAlKabeerHospital
473,MubarakAlKabeerHospital
474,MubarakAlKabeerHospital
475,MubarakAlKabeerHospital
476,MubarakAlKabeerHospital
477,MubarakAlKabeerHospital
478,MubarakAlKabeerHospital
479,MubarakAlKabeerHospital
480,MubarakAlKabeerHospital
481,MubarakAlKabeerHospital
482,MubarakAlKabeerHospital
483,MubarakAlKabeerHospital
484,MubarakAlKabeerHospital
485,MubarakAlKabeerHospital
486,MubarakAlKabeerHospital
487,MubarakAlKabeerHospital
488,MubarakAlKabeerHospital
489,MubarakAlKabeerHospital
490,MubarakAlKabeerHospital
491,MubarakAlKabeerHospital
492,MubarakAlKabeerHospital
493,MubarakAlKabeerHospital
494,MubarakAlKabeerHospital
495,MubarakAlKabeerHospital
496,MubarakAlKabeerHospital
497,MubarakAlKabeerHospital
498,MubarakAlKabeerHospital
499,MubarakAlKabeerHospital
500,MubarakAlKabeerHospital
501,MubarakAlKabeerHospital
502,MubarakAlKabeerHospital
503,MubarakAlKabeerHospital
504,MubarakAlKabeerHospital
505,MubarakAlKabeerHospital
506,MubarakAlKabeerHospital
507,MubarakAlKabeerHospital
508,MubarakAlKabeerHospital
509,MubarakAlKabeerHospital
510,MubarakAlKabeerHospital
511,MubarakAlKabeerHospital
512,MubarakAlKabeerHospital
513,MubarakAlKabeerHospital
514,MubarakAlKabeerHospital
515,MubarakAlKabeerHospital
516,MubarakAlKabeerHospital
517,MubarakAlKabeerHospital
518,MubarakAlKabeerHospital
519,MubarakAlKabeerHospital
520,MubarakAlKabeerHospital
521,SabahHospital
522,SabahHospital
523,SabahHospital
524,SabahHospital
525,SabahHospital
526,SabahHospital
527,SabahHospital
528,SabahHospital
529,SabahHospital
530,SabahHospital
531,SabahHospital
532,SabahHospital
533,SabahHospital
534,SabahHospital
535,SabahHospital
536,SabahHospital
537,SabahHospital
538,SabahHospital
539,SabahHospital
540,SabahHospital
541,SabahHospital
542,SabahHospital
543,SabahHospital
544,SabahHospital
545,SabahHospital
546,SabahHospital
547,SabahHospital
548,ArmedForcesHospital
549,ArmedForcesHospital
550,ArmedForcesHospital
551,ArmedForcesHospital
552,ArmedForcesHospital
553,BuramiHospital
554,BuramiHospital
555,BuramiHospital
556,BuramiHospital
557,BuramiHospital
558,BuramiHospital
559,BuramiHospital
560,BuramiHospital
561,IbriHospital
562,IbriHospital
563,IbriHospital
564,IbriHospital
565,IbriHospital
566,IbriHospital
567,IbriHospital
568,IbriHospital
569,IbriHospital
570,IbriHospital
571,IbriHospital
572,IbriHospital
573,IbriHospital
574,IbriHospital
575,IbriHospital
576,IbriHospital
577,IbriHospital
578,IbriHospital
579,IbriHospital
580,IbriHospital
581,IbriHospital
582,IbriHospital
583,IbriHospital
584,IbriHospital
585,IbriHospital
586,IbriHospital
587,IbriHospital
588,NizwaHospital
589,NizwaHospital
590,NizwaHospital
591,NizwaHospital
592,NizwaHospital
593,NizwaHospital
594,NizwaHospital
595,NizwaHospital
596,NizwaHospital
597,NizwaHospital
598,NizwaHospital
599,NizwaHospital
600,NizwaHospital
601,NizwaHospital
602,NizwaHospital
603,NizwaHospital
604,NizwaHospital
605,NizwaHospital
606,NizwaHospital
607,NizwaHospital
608,NizwaHospital
609,NizwaHospital
610,NizwaHospital
611,NizwaHospital
612,NizwaHospital
613,NizwaHospital
614,NizwaHospital
615,NizwaHospital
616,NizwaHospital
617,NizwaHospital
618,NizwaHospital
619,NizwaHospital
620,NizwaHospital
621,NizwaHospital
622,NizwaHospital
623,RoyalPoliceHospital
624,RoyalPoliceHospital
625,RoyalHospital
626,RoyalHospital
627,RoyalHospital
628,RoyalHospital
629,RoyalHospital
630,RoyalHospital
631,RoyalHospital
632,RoyalHospital
633,RoyalHospital
634,RoyalHospital
635,RoyalHospital
636,RoyalHospital
637,RoyalHospital
638,RoyalHospital
639,RoyalHospital
640,RoyalHospital
641,RoyalHospital
642,RoyalHospital
643,RoyalHospital
644,RoyalHospital
645,RoyalHospital
646,RoyalHospital
647,RoyalHospital
648,RoyalHospital
649,RoyalHospital
650,RoyalHospital
651,RoyalHospital
652,RoyalHospital
653,RoyalHospital
654,RoyalHospital
655,RoyalHospital
656,RoyalHospital
657,RoyalHospital
658,RoyalHospital
659,RoyalHospital
660,RoyalHospital
661,RoyalHospital
662,RoyalHospital
663,RoyalHospital
664,RoyalHospital
665,RoyalHospital
666,RoyalHospital
667,RoyalHospital
668,RoyalHospital
669,RoyalHospital
670,RoyalHospital
671,RoyalHospital
672,RoyalHospital
673,RoyalHospital
674,RoyalHospital
675,RoyalHospital
676,RoyalHospital
677,RoyalHospital
678,RoyalHospital
679,RoyalHospital
680,RoyalHospital
681,RoyalHospital
682,RoyalHospital
683,RoyalHospital
684,RoyalHospital
685,RoyalHospital
686,RoyalHospital
687,RoyalHospital
688,RoyalHospital
689,RoyalHospital
690,RoyalHospital
691,RoyalHospital
692,RoyalHospital
693,RoyalHospital
694,RoyalHospital
695,RoyalHospital
696,RoyalHospital
697,RoyalHospital
698,RoyalHospital
699,RoyalHospital
700,RoyalHospital
701,RoyalHospital
702,RoyalHospital
703,RoyalHospital
704,RoyalHospital
705,RoyalHospital
706,RoyalHospital
707,RoyalHospital
708,RoyalHospital
709,RoyalHospital
710,RoyalHospital
711,RoyalHospital
712,RoyalHospital
713,RoyalHospital
714,RoyalHospital
715,RoyalHospital
716,RoyalHospital
717,RoyalHospital
718,RoyalHospital
719,RoyalHospital
720,RoyalHospital
721,RoyalHospital
722,RoyalHospital
723,RoyalHospital
724,RoyalHospital
725,RoyalHospital
726,RoyalHospital
727,RoyalHospital
728,RoyalHospital
729,RoyalHospital
730,RoyalHospital
731,RoyalHospital
732,RoyalHospital
733,RoyalHospital
734,RoyalHospital
735,RoyalHospital
736,RoyalHospital
737,RoyalHospital
738,RoyalHospital
739,RoyalHospital
740,RoyalHospital
741,RoyalHospital
742,RoyalHospital
743,RoyalHospital
744,RoyalHospital
745,RoyalHospital
746,RoyalHospital
747,RoyalHospital
748,RoyalHospital
749,RoyalHospital
750,RoyalHospital
751,RoyalHospital
752,RoyalHospital
753,RoyalHospital
754,RoyalHospital
755,RoyalHospital
756,RoyalHospital
757,RoyalHospital
758,RoyalHospital
759,RoyalHospital
760,RoyalHospital
761,RoyalHospital
762,RoyalHospital
763,RoyalHospital
764,RoyalHospital
765,RoyalHospital
766,RoyalHospital
767,RoyalHospital
768,RoyalHospital
769,RoyalHospital
770,RoyalHospital
771,RoyalHospital
772,RoyalHospital
773,RoyalHospital
774,RoyalHospital
775,RoyalHospital
776,RoyalHospital
777,RoyalHospital
778,RoyalHospital
779,RoyalHospital
780,RoyalHospital
781,RoyalHospital
782,RoyalHospital
783,RoyalHospital
784,RoyalHospital
785,RoyalHospital
786,RoyalHospital
787,RoyalHospital
788,RoyalHospital
789,RoyalHospital
790,RoyalHospital
791,RoyalHospital
792,RoyalHospital
793,RoyalHospital
794,RoyalHospital
795,RoyalHospital
796,RoyalHospital
797,RoyalHospital
798,RoyalHospital
799,RoyalHospital
800,RoyalHospital
801,RoyalHospital
802,RoyalHospital
803,RoyalHospital
804,RoyalHospital
805,RoyalHospital
806,RoyalHospital
807,RoyalHospital
808,RoyalHospital
809,RoyalHospital
810,RoyalHospital
811,RoyalHospital
812,RoyalHospital
813,RoyalHospital
814,RoyalHospital
815,RoyalHospital
816,RoyalHospital
817,RoyalHospital
818,RoyalHospital
819,RoyalHospital
820,RoyalHospital
821,RoyalHospital
822,RoyalHospital
823,RoyalHospital
824,RoyalHospital
825,RoyalHospital
826,RoyalHospital
827,RoyalHospital
828,RoyalHospital
829,RoyalHospital
830,RoyalHospital
831,RoyalHospital
832,RoyalHospital
833,RoyalHospital
834,RoyalHospital
835,RoyalHospital
836,RoyalHospital
837,RoyalHospital
838,RoyalHospital
839,RoyalHospital
840,RoyalHospital
841,RoyalHospital
842,RoyalHospital
843,RoyalHospital
844,RoyalHospital
845,RoyalHospital
846,RoyalHospital
847,RoyalHospital
848,RoyalHospital
849,RoyalHospital
850,RoyalHospital
851,RoyalHospital
852,RoyalHospital
853,RoyalHospital
854,RoyalHospital
855,RoyalHospital
856,RoyalHospital
857,RoyalHospital
858,RoyalHospital
859,RoyalHospital
860,RoyalHospital
861,RoyalHospital
862,RoyalHospital
863,RoyalHospital
864,RoyalHospital
865,RoyalHospital
866,RoyalHospital
867,RoyalHospital
868,RoyalHospital
869,RoyalHospital
870,RoyalHospital
871,RoyalHospital
872,RoyalHospital
873,RoyalHospital
874,RoyalHospital
875,RoyalHospital
876,RoyalHospital
877,RoyalHospital
878,RoyalHospital
879,RoyalHospital
880,RoyalHospital
881,RoyalHospital
882,RoyalHospital
883,RoyalHospital
884,RoyalHospital
885,RoyalHospital
886,RoyalHospital
887,RoyalHospital
888,RoyalHospital
889,RoyalHospital
890,RustaqHospital
891,RustaqHospital
892,RustaqHospital
893,RustaqHospital
894,RustaqHospital
895,RustaqHospital
896,RustaqHospital
897,RustaqHospital
898,RustaqHospital
899,RustaqHospital
900,RustaqHospital
901,RustaqHospital
902,RustaqHospital
903,RustaqHospital
904,RustaqHospital
905,RustaqHospital
906,RustaqHospital
907,RustaqHospital
908,SoharHospital
909,SoharHospital
910,SoharHospital
911,SoharHospital
912,SoharHospital
913,SoharHospital
914,SoharHospital
915,SoharHospital
916,SoharHospital
917,SoharHospital
918,SoharHospital
919,SoharHospital
920,SoharHospital
921,SoharHospital
922,SoharHospital
923,SoharHospital
924,SoharHospital
925,SoharHospital
926,SoharHospital
927,SoharHospital
928,SoharHospital
929,SoharHospital
930,SoharHospital
931,SoharHospital
932,SoharHospital
933,SoharHospital
934,SoharHospital
935,SoharHospital
936,SoharHospital
937,SoharHospital
938,SoharHospital
939,SoharHospital
940,SoharHospital
941,SoharHospital
942,SoharHospital
943,SoharHospital
944,SoharHospital
945,SoharHospital
946,SoharHospital
947,SoharHospital
948,SoharHospital
949,SoharHospital
950,SoharHospital
951,SoharHospital
952,SoharHospital
953,SoharHospital
954,SoharHospital
955,SoharHospital
956,SoharHospital
957,SoharHospital
958,SoharHospital
959,SoharHospital
960,SoharHospital
961,SoharHospital
962,SoharHospital
963,SoharHospital
964,SoharHospital
965,SoharHospital
966,SoharHospital
967,SoharHospital
968,SoharHospital
969,SoharHospital
970,SoharHospital
971,SoharHospital
972,SoharHospital
973,SoharHospital
974,SoharHospital
975,SoharHospital
976,SoharHospital
977,SoharHospital
978,SoharHospital
979,SoharHospital
980,SoharHospital
981,SoharHospital
982,SoharHospital
983,SoharHospital
984,SoharHospital
985,SoharHospital
986,SoharHospital
987,SoharHospital
988,SoharHospital
989,SoharHospital
990,SoharHospital
991,SoharHospital
992,SoharHospital
993,SoharHospital
994,SoharHospital
995,SoharHospital
996,SoharHospital
997,SoharHospital
998,SoharHospital
999,SoharHospital
1000,SoharHospital
1001,SoharHospital
1002,SoharHospital
1003,SoharHospital
1004,SoharHospital
1005,SultanQaboosSalalahHospital
1006,SultanQaboosSalalahHospital
1007,SultanQaboosSalalahHospital
1008,SultanQaboosSalalahHospital
1009,SultanQaboosSalalahHospital
1010,SultanQaboosSalalahHospital
1011,SultanQaboosSalalahHospital
1012,SultanQaboosSalalahHospital
1013,SultanQaboosSalalahHospital
1014,SultanQaboosSalalahHospital
1015,SultanQaboosSalalahHospital
1016,SultanQaboosSalalahHospital
1017,SultanQaboosSalalahHospital
1018,SultanQaboosSalalahHospital
1019,SultanQaboosSalalahHospital
1020,SultanQaboosSalalahHospital
1021,SultanQaboosSalalahHospital
1022,SultanQaboosSalalahHospital
1023,SultanQaboosSalalahHospital
1024,SultanQaboosSalalahHospital
1025,SultanQaboosSalalahHospital
1026,SultanQaboosSalalahHospital
1027,SultanQaboosSalalahHospital
1028,SultanQaboosSalalahHospital
1029,SultanQaboosSalalahHospital
1030,SultanQaboosSalalahHospital
1031,SultanQaboosSalalahHospital
1032,SultanQaboosSalalahHospital
1033,SultanQaboosSalalahHospital
1034,SultanQaboosSalalahHospital
1035,SultanQaboosSalalahHospital
1036,SultanQaboosSalalahHospital
1037,SultanQaboosSalalahHospital
1038,SultanQaboosSalalahHospital
1039,SultanQaboosSalalahHospital
1040,SultanQaboosSalalahHospital
1041,SultanQaboosSalalahHospital
1042,SultanQaboosSalalahHospital
1043,SultanQaboosSalalahHospital
1044,SultanQaboosSalalahHospital
1045,SultanQaboosSalalahHospital
1046,SultanQaboosSalalahHospital
1047,SultanQaboosSalalahHospital
1048,SultanQaboosSalalahHospital
1049,SumailHospital
1050,SumailHospital
1051,SurHospital
1052,SurHospital
1053,SurHospital
1054,SurHospital
1055,SurHospital
1056,SurHospital
1057,SurHospital
1058,SurHospital
1059,SurHospital
1060,SurHospital
1061,SurHospital
1062,SurHospital
1063,SurHospital
1064,SurHospital
1065,SurHospital
1066,DubaiHospital
1067,DubaiHospital
1068,DubaiHospital
1069,DubaiHospital
1070,DubaiHospital
1071,DubaiHospital
1072,DubaiHospital
1073,DubaiHospital
1074,DubaiHospital
1075,DubaiHospital
1076,DubaiHospital
1077,DubaiHospital
1078,DubaiHospital
1079,DubaiHospital
1080,DubaiHospital
1081,DubaiHospital
1082,DubaiHospital
1083,DubaiHospital
1084,DubaiHospital
1085,DubaiHospital
1086,DubaiHospital
1087,DubaiHospital
1088,DubaiHospital
1089,DubaiHospital
1090,DubaiHospital
1091,DubaiHospital
1092,DubaiHospital
1093,DubaiHospital
1094,DubaiHospital
1095,DubaiHospital
1096,DubaiHospital
1097,DubaiHospital
1098,DubaiHospital
1099,DubaiHospital
1100,DubaiHospital
1101,FujairahHospital
1102,FujairahHospital
1103,QasimiHospital
1104,QasimiHospital
1105,QasimiHospital
1106,QasimiHospital
1107,QasimiHospital
1108,QasimiHospital
1109,QasimiHospital
1110,QasimiHospital
1111,QasimiHospital
1112,QasimiHospital
1113,QasimiHospital
1114,QasimiHospital
1115,QasimiHospital
1116,QasimiHospital
1117,QasimiHospital
1118,QasimiHospital
1119,QasimiHospital
1120,QasimiHospital
1121,QasimiHospital
1122,QasimiHospital
1123,QasimiHospital
1124,QasimiHospital
1125,QasimiHospital
1126,QasimiHospital
1127,QasimiHospital
1128,QasimiHospital
1129,QasimiHospital
1130,QasimiHospital
1131,QasimiHospital
1132,QasimiHospital
1133,QasimiHospital
1134,QasimiHospital
1135,QasimiHospital
1136,QasimiHospital
1137,QasimiHospital
1138,ObaidallahHospitalRAK
1139,ObaidallahHospitalRAK
1140,ObaidallahHospitalRAK
1141,ObaidallahHospitalRAK
1142,ObaidallahHospitalRAK
1143,ObaidallahHospitalRAK
1144,ObaidallahHospitalRAK
1145,ObaidallahHospitalRAK
1146,ObaidallahHospitalRAK
1147,ObaidallahHospitalRAK
1148,ObaidallahHospitalRAK
1149,RashidHospital
1150,RashidHospital
1151,RashidHospital
1152,RashidHospital
1153,RashidHospital
1154,RashidHospital
1155,RashidHospital
1156,RashidHospital
1157,RashidHospital
1158,RashidHospital
1159,RashidHospital
1160,RashidHospital
1161,SKMCHospital
1162,SKMCHospital
1163,SKMCHospital
1164,SKMCHospital
1165,SKMCHospital
1166,SKMCHospital
1167,SKMCHospital
1168,SKMCHospital
1169,SKMCHospital
1170,SKMCHospital
1171,SKMCHospital
1172,SKMCHospital
1173,SKMCHospital
1174,SKMCHospital
1175,SKMCHospital
1176,SKMCHospital
1177,SKMCHospital
1178,SKMCHospital
1179,SKMCHospital
1180,TawamHospital
1181,TawamHospital
1182,TawamHospital
1183,TawamHospital
1184,TawamHospital
1185,TawamHospital
1186,TawamHospital
1187,TawamHospital
1188,TawamHospital
1189,TawamHospital
1190,TawamHospital
1191,TawamHospital
1192,TawamHospital
1193,TawamHospital
1194,TawamHospital
1195,TawamHospital
1196,TawamHospital
1197,TawamHospital
1198,TawamHospital
1199,TawamHospital
1200,TawamHospital
1201,TawamHospital
1202,TawamHospital
1203,TawamHospital
1204,ZayedMilitaryHospital
1205,ZayedMilitaryHospital
1206,ZayedMilitaryHospital
1207,ZayedMilitaryHospital
1208,ZayedMilitaryHospital
1209,ZayedMilitaryHospital
1210,ZayedMilitaryHospital
1211,ZayedMilitaryHospital
1212,ZayedMilitaryHospital
1213,ZayedMilitaryHospital
1214,ZayedMilitaryHospital
1215,ZayedMilitaryHospital
1216,ZayedMilitaryHospital
1217,ZayedMilitaryHospital
1218,ZayedMilitaryHospital
1219,ZayedMilitaryHospital
1220,ZayedMilitaryHospital
1221,ZayedMilitaryHospital
1222,ZayedMilitaryHospital
1223,ZayedMilitaryHospital
1224,ZayedMilitaryHospital
1225,ZayedMilitaryHospital
1226,ZayedMilitaryHospital
1227,ZayedMilitaryHospital
1228,ZayedMilitaryHospital
1229,ZayedMilitaryHospital
1230,ZayedMilitaryHospital
1231,ZayedMilitaryHospital
1232,ZayedMilitaryHospital
1233,ZayedMilitaryHospital
1234,ZayedMilitaryHospital
1235,ZayedMilitaryHospital
1236,ZayedMilitaryHospital
1237,ZayedMilitaryHospital
1238,ZayedMilitaryHospital
1239,ZayedMilitaryHospital
1240,ZayedMilitaryHospital
1241,ZayedMilitaryHospital
1242,ZayedMilitaryHospital
1243,ZayedMilitaryHospital
1244,SalmaniyaHospital
1245,BDFHospital
1246,BDFHospital
1247,AdanHospital
1248,AdanHospital
1249,AdanHospital
1250,AdanHospital
1251,FarwaniyaHospital
1252,FarwaniyaHospital
1253,FarwaniyaHospital
1254,FarwaniyaHospital
1255,FarwaniyaHospital
1256,FarwaniyaHospital
1257,FarwaniyaHospital
1258,FarwaniyaHospital
1259,FarwaniyaHospital
1260,FarwaniyaHospital
1261,JahraHospital
1262,JahraHospital
1263,JahraHospital
1264,JahraHospital
1265,JahraHospital
1266,JahraHospital
1267,JahraHospital
1268,JahraHospital
1269,AhmadiKOCHospital
1270,AhmadiKOCHospital
1271,MubarakAlKabeerHospital
1272,MubarakAlKabeerHospital
1273,ArmedForcesHospital
1274,BahlaHospital
1275,BuramiHospital
1276,IbriHospital
1277,IbriHospital
1278,IbriHospital
1279,NizwaHospital
1280,NizwaHospital
1281,RoyalHospital
1282,RoyalHospital
1283,RoyalHospital
1284,RoyalHospital
1285,RoyalHospital
1286,RoyalHospital
1287,RoyalHospital
1288,RoyalHospital
1289,RoyalHospital
1290,RoyalHospital
1291,RoyalHospital
1292,RoyalHospital
1293,RoyalHospital
1294,RoyalHospital
1295,RoyalHospital
1296,RoyalHospital
1297,RoyalHospital
1298,RoyalHospital
1299,RoyalHospital
1300,RoyalHospital
1301,RoyalHospital
1302,RoyalHospital
1303,RoyalHospital
1304,RoyalHospital
1305,RoyalHospital
1306,RoyalHospital
1307,RoyalHospital
1308,RoyalHospital
1309,RoyalHospital
1310,RoyalHospital
1311,RoyalHospital
1312,RoyalHospital
1313,RustaqHospital
1314,RustaqHospital
1315,RustaqHospital
1316,RustaqHospital
1317,RustaqHospital
1318,RustaqHospital
1319,RustaqHospital
1320,RustaqHospital
1321,RustaqHospital
1322,RustaqHospital
1323,RustaqHospital
1324,RustaqHospital
1325,RustaqHospital
1326,RustaqHospital
1327,RustaqHospital
1328,RustaqHospital
1329,RustaqHospital
1330,RustaqHospital
1331,RustaqHospital
1332,RustaqHospital
1333,RustaqHospital
1334,RustaqHospital
1335,RustaqHospital
1336,RustaqHospital
1337,RustaqHospital
1338,RustaqHospital
1339,RustaqHospital
1340,RustaqHospital
1341,RustaqHospital
1342,RustaqHospital
1343,RustaqHospital
1344,RustaqHospital
1345,RustaqHospital
1346,RustaqHospital
1347,RustaqHospital
1348,RustaqHospital
1349,RustaqHospital
1350,RustaqHospital
1351,RustaqHospital
1352,RustaqHospital
1353,RustaqHospital
1354,RustaqHospital
1355,RustaqHospital
1356,RustaqHospital
1357,RustaqHospital
1358,RustaqHospital
1359,RustaqHospital
1360,RustaqHospital
1361,RustaqHospital
1362,RustaqHospital
1363,RustaqHospital
1364,RustaqHospital
1365,RustaqHospital
1366,RustaqHospital
1367,SoharHospital
1368,SoharHospital
1369,SoharHospital
1370,SoharHospital
1371,SoharHospital
1372,SoharHospital
1373,SoharHospital
1374,SoharHospital
1375,SoharHospital
1376,SoharHospital
1377,SoharHospital
1378,SoharHospital
1379,SoharHospital
1380,SultanQaboosSalalahHospital
1381,SultanQaboosSalalahHospital
1382,SultanQaboosSalalahHospital
1383,SultanQaboosSalalahHospital
1384,SumailHospital
1385,SumailHospital
1386,SurHospital
1387,SurHospital
1388,FujairahHospital
1389,KhorfakanHospital
1390,QasimiHospital
1391,ObaidallahHospitalRAK
1392,RashidHospital
1393,MubarakAlKabeerHospital
1394,NizwaHospital
1395,RoyalHospital
1396,QasimiHospital
1397,AdanHospital
1398,SabahHospital
1399,RoyalHospital
1400,RustaqHospital
1401,SalmaniyaHospital
1402,SalmaniyaHospital
1403,SalmaniyaHospital
1404,SalmaniyaHospital
1405,SalmaniyaHospital
1406,SalmaniyaHospital
1407,SalmaniyaHospital
1408,SalmaniyaHospital
1409,SalmaniyaHospital
1410,SalmaniyaHospital
1411,BDFHospital
1412,AdanHospital
1413,AdanHospital
1414,AdanHospital
1415,AdanHospital
1416,AdanHospital
1417,AdanHospital
1418,AdanHospital
1419,AdanHospital
1420,AdanHospital
1421,AdanHospital
1422,AdanHospital
1423,AdanHospital
1424,AdanHospital
1425,AdanHospital
1426,AdanHospital
1427,AdanHospital
1428,AdanHospital
1429,AdanHospital
1430,FarwaniyaHospital
1431,FarwaniyaHospital
1432,FarwaniyaHospital
1433,FarwaniyaHospital
1434,FarwaniyaHospital
1435,FarwaniyaHospital
1436,FarwaniyaHospital
1437,FarwaniyaHospital
1438,FarwaniyaHospital
1439,FarwaniyaHospital
1440,FarwaniyaHospital
1441,FarwaniyaHospital
1442,JahraHospital
1443,JahraHospital
1444,JahraHospital
1445,JahraHospital
1446,JahraHospital
1447,JahraHospital
1448,JahraHospital
1449,MubarakAlKabeerHospital
1450,MubarakAlKabeerHospital
1451,MubarakAlKabeerHospital
1452,SabahHospital
1453,SabahHospital
1454,ArmedForcesHospital
1455,BuramiHospital
1456,IbriHospital
1457,IbriHospital
1458,IbriHospital
1459,IbriHospital
1460,IbriHospital
1461,IbriHospital
1462,NizwaHospital
1463,NizwaHospital
1464,NizwaHospital
1465,NizwaHospital
1466,NizwaHospital
1467,NizwaHospital
1468,NizwaHospital
1469,NizwaHospital
1470,NizwaHospital
1471,RoyalPoliceHospital
1472,RoyalPoliceHospital
1473,RoyalHospital
1474,RoyalHospital
1475,RustaqHospital
1476,RustaqHospital
1477,RustaqHospital
1478,RustaqHospital
1479,RustaqHospital
1480,RustaqHospital
1481,RustaqHospital
1482,RustaqHospital
1483,RustaqHospital
1484,RustaqHospital
1485,SoharHospital
1486,SoharHospital
1487,SoharHospital
1488,SoharHospital
1489,SoharHospital
1490,SoharHospital
1491,SultanQaboosSalalahHospital
1492,SultanQaboosSalalahHospital
1493,SultanQaboosSalalahHospital
1494,SultanQaboosSalalahHospital
1495,SultanQaboosSalalahHospital
1496,SumailHospital
1497,SurHospital
1498,SurHospital
1499,FujairahHospital
1500,FujairahHospital
1501,FujairahHospital
1502,FujairahHospital
1503,FujairahHospital
1504,FujairahHospital
1505,FujairahHospital
1506,ObaidallahHospitalRAK
1507,ObaidallahHospitalRAK
1508,ObaidallahHospitalRAK
1509,ObaidallahHospitalRAK
1510,ObaidallahHospitalRAK
1511,ObaidallahHospitalRAK
1512,ObaidallahHospitalRAK
1513,ObaidallahHospitalRAK
1514,ObaidallahHospitalRAK
1515,ObaidallahHospitalRAK
1516,ObaidallahHospitalRAK
1517,ObaidallahHospitalRAK
1518,RashidHospital
1519,RashidHospital
1520,RashidHospital
1521,SKMCHospital
1522,SKMCHospital
1523,SKMCHospital
1524,SKMCHospital
1525,TawamHospital
1526,TawamHospital
1527,TawamHospital
1528,ZayedMilitaryHospital
1529,FarwaniyaHospital
1530,FarwaniyaHospital
1531,IbriHospital
1532,RoyalHospital
1533,RoyalHospital
1534,RoyalHospital
1535,RustaqHospital
1536,RustaqHospital
1537,RustaqHospital
1538,RustaqHospital
1539,RustaqHospital
1540,RustaqHospital
1541,RustaqHospital
1542,RustaqHospital
1543,RustaqHospital
1544,RustaqHospital
1545,RustaqHospital
1546,RustaqHospital
1547,RustaqHospital
1548,RustaqHospital
1549,RustaqHospital
1550,RustaqHospital
1551,RustaqHospital
1552,RustaqHospital
1553,RustaqHospital
1554,SoharHospital
1555,SoharHospital
1556,SoharHospital
1557,SoharHospital
1558,SoharHospital
1559,SoharHospital
1560,SoharHospital
1561,SoharHospital
1562,SoharHospital
1563,SoharHospital
1564,SultanQaboosSalalahHospital
1565,FujairahHospital
1566,KhorfakanHospital
1567,RashidHospital
1568,SKMCHospital
1569,JahraHospital
1570,SultanQaboosSalalahHospital
1571,SumailHospital
1572,SalmaniyaHospital
1573,SalmaniyaHospital
1574,SalmaniyaHospital
1575,SalmaniyaHospital
1576,SalmaniyaHospital
1577,SalmaniyaHospital
1578,SalmaniyaHospital
1579,BDFHospital
1580,BDFHospital
1581,BDFHospital
1582,BDFHospital
1583,BDFHospital
1584,BDFHospital
1585,BDFHospital
1586,BDFHospital
1587,AdanHospital
1588,AdanHospital
1589,FarwaniyaHospital
1590,FarwaniyaHospital
1591,FarwaniyaHospital
1592,JahraHospital
1593,MubarakAlKabeerHospital
1594,MubarakAlKabeerHospital
1595,MubarakAlKabeerHospital
1596,NizwaHospital
1597,SoharHospital
1598,SurHospital
1599,DubaiHospital
1600,DubaiHospital
1601,DubaiHospital
1602,DubaiHospital
1603,FujairahHospital
1604,QasimiHospital
1605,ZayedMilitaryHospital
1606,BDFHospital
1607,BDFHospital
1608,DubaiHospital
1609,BDFHospital
1610,AdanHospital
1611,AdanHospital
1612,AdanHospital
1613,SabahHospital
1614,ObaidallahHospitalRAK
1615,ObaidallahHospitalRAK
1616,AdanHospital
1617,SabahHospital
1618,DubaiHospital
1619,KhorfakanHospital
1620,MubarakAlKabeerHospital
1621,SalmaniyaHospital
1622,SalmaniyaHospital
1623,SalmaniyaHospital
1624,SalmaniyaHospital
1625,SalmaniyaHospital
1626,SalmaniyaHospital
1627,SalmaniyaHospital
1628,SalmaniyaHospital
1629,SalmaniyaHospital
1630,SalmaniyaHospital
1631,SalmaniyaHospital
1632,SalmaniyaHospital
1633,SalmaniyaHospital
1634,SalmaniyaHospital
1635,SalmaniyaHospital
1636,SalmaniyaHospital
1637,SalmaniyaHospital
1638,SalmaniyaHospital
1639,SalmaniyaHospital
1640,SalmaniyaHospital
1641,SalmaniyaHospital
1642,BDFHospital
1643,BDFHospital
1644,BDFHospital
1645,BDFHospital
1646,BDFHospital
1647,BDFHospital
1648,BDFHospital
1649,BDFHospital
1650,BDFHospital
1651,BDFHospital
1652,BDFHospital
1653,BDFHospital
1654,BDFHospital
1655,BDFHospital
1656,BDFHospital
1657,BDFHospital
1658,BDFHospital
1659,BDFHospital
1660,BDFHospital
1661,BDFHospital
1662,BDFHospital
1663,BDFHospital
1664,BDFHospital
1665,BDFHospital
1666,BDFHospital
1667,BDFHospital
1668,BDFHospital
1669,BDFHospital
1670,BDFHospital
1671,BDFHospital
1672,BDFHospital
1673,BDFHospital
1674,BDFHospital
1675,BDFHospital
1676,BDFHospital
1677,BDFHospital
1678,BDFHospital
1679,BDFHospital
1680,BDFHospital
1681,BDFHospital
1682,BDFHospital
1683,BDFHospital
1684,BDFHospital
1685,BDFHospital
1686,BDFHospital
1687,BDFHospital
1688,BDFHospital
1689,BDFHospital
1690,AdanHospital
1691,AdanHospital
1692,AdanHospital
1693,AdanHospital
1694,AdanHospital
1695,AdanHospital
1696,AdanHospital
1697,AdanHospital
1698,AdanHospital
1699,AdanHospital
1700,AdanHospital
1701,AdanHospital
1702,AdanHospital
1703,AdanHospital
1704,AdanHospital
1705,AdanHospital
1706,AdanHospital
1707,AdanHospital
1708,AdanHospital
1709,AdanHospital
1710,AdanHospital
1711,AdanHospital
1712,AdanHospital
1713,AdanHospital
1714,AdanHospital
1715,AdanHospital
1716,AdanHospital
1717,AdanHospital
1718,AdanHospital
1719,AdanHospital
1720,AdanHospital
1721,AdanHospital
1722,AdanHospital
1723,AdanHospital
1724,AdanHospital
1725,AdanHospital
1726,AdanHospital
1727,AdanHospital
1728,AdanHospital
1729,AdanHospital
1730,AdanHospital
1731,AdanHospital
1732,AdanHospital
1733,AdanHospital
1734,AdanHospital
1735,AdanHospital
1736,AdanHospital
1737,AdanHospital
1738,AdanHospital
1739,AdanHospital
1740,AdanHospital
1741,FarwaniyaHospital
1742,FarwaniyaHospital
1743,FarwaniyaHospital
1744,FarwaniyaHospital
1745,FarwaniyaHospital
1746,FarwaniyaHospital
1747,FarwaniyaHospital
1748,FarwaniyaHospital
1749,FarwaniyaHospital
1750,FarwaniyaHospital
1751,FarwaniyaHospital
1752,FarwaniyaHospital
1753,FarwaniyaHospital
1754,FarwaniyaHospital
1755,FarwaniyaHospital
1756,FarwaniyaHospital
1757,FarwaniyaHospital
1758,FarwaniyaHospital
1759,FarwaniyaHospital
1760,FarwaniyaHospital
1761,FarwaniyaHospital
1762,FarwaniyaHospital
1763,FarwaniyaHospital
1764,FarwaniyaHospital
1765,FarwaniyaHospital
1766,FarwaniyaHospital
1767,FarwaniyaHospital
1768,FarwaniyaHospital
1769,FarwaniyaHospital
1770,FarwaniyaHospital
1771,FarwaniyaHospital
1772,FarwaniyaHospital
1773,FarwaniyaHospital
1774,FarwaniyaHospital
1775,FarwaniyaHospital
1776,FarwaniyaHospital
1777,FarwaniyaHospital
1778,JahraHospital
1779,JahraHospital
1780,JahraHospital
1781,JahraHospital
1782,JahraHospital
1783,JahraHospital
1784,JahraHospital
1785,JahraHospital
1786,JahraHospital
1787,JahraHospital
1788,JahraHospital
1789,JahraHospital
1790,JahraHospital
1791,JahraHospital
1792,JahraHospital
1793,JahraHospital
1794,JahraHospital
1795,JahraHospital
1796,JahraHospital
1797,JahraHospital
1798,JahraHospital
1799,JahraHospital
1800,JahraHospital
1801,JahraHospital
1802,JahraHospital
1803,JahraHospital
1804,JahraHospital
1805,JahraHospital
1806,JahraHospital
1807,JahraHospital
1808,JahraHospital
1809,JahraHospital
1810,JahraHospital
1811,JahraHospital
1812,JahraHospital
1813,JahraHospital
1814,JahraHospital
1815,AhmadiKOCHospital
1816,AhmadiKOCHospital
1817,AhmadiKOCHospital
1818,MubarakAlKabeerHospital
1819,MubarakAlKabeerHospital
1820,MubarakAlKabeerHospital
1821,MubarakAlKabeerHospital
1822,MubarakAlKabeerHospital
1823,MubarakAlKabeerHospital
1824,MubarakAlKabeerHospital
1825,MubarakAlKabeerHospital
1826,MubarakAlKabeerHospital
1827,MubarakAlKabeerHospital
1828,MubarakAlKabeerHospital
1829,MubarakAlKabeerHospital
1830,MubarakAlKabeerHospital
1831,MubarakAlKabeerHospital
1832,MubarakAlKabeerHospital
1833,MubarakAlKabeerHospital
1834,MubarakAlKabeerHospital
1835,MubarakAlKabeerHospital
1836,MubarakAlKabeerHospital
1837,MubarakAlKabeerHospital
1838,MubarakAlKabeerHospital
1839,MubarakAlKabeerHospital
1840,MubarakAlKabeerHospital
1841,MubarakAlKabeerHospital
1842,MubarakAlKabeerHospital
1843,MubarakAlKabeerHospital
1844,MubarakAlKabeerHospital
1845,MubarakAlKabeerHospital
1846,MubarakAlKabeerHospital
1847,MubarakAlKabeerHospital
1848,MubarakAlKabeerHospital
1849,MubarakAlKabeerHospital
1850,MubarakAlKabeerHospital
1851,MubarakAlKabeerHospital
1852,MubarakAlKabeerHospital
1853,MubarakAlKabeerHospital
1854,MubarakAlKabeerHospital
1855,MubarakAlKabeerHospital
1856,MubarakAlKabeerHospital
1857,MubarakAlKabeerHospital
1858,MubarakAlKabeerHospital
1859,MubarakAlKabeerHospital
1860,MubarakAlKabeerHospital
1861,MubarakAlKabeerHospital
1862,MubarakAlKabeerHospital
1863,MubarakAlKabeerHospital
1864,MubarakAlKabeerHospital
1865,MubarakAlKabeerHospital
1866,MubarakAlKabeerHospital
1867,MubarakAlKabeerHospital
1868,MubarakAlKabeerHospital
1869,MubarakAlKabeerHospital
1870,MubarakAlKabeerHospital
1871,MubarakAlKabeerHospital
1872,SabahHospital
1873,SabahHospital
1874,SabahHospital
1875,SabahHospital
1876,SabahHospital
1877,SabahHospital
1878,ArmedForcesHospital
1879,ArmedForcesHospital
1880,ArmedForcesHospital
1881,ArmedForcesHospital
1882,ArmedForcesHospital
1883,ArmedForcesHospital
1884,ArmedForcesHospital
1885,ArmedForcesHospital
1886,ArmedForcesHospital
1887,ArmedForcesHospital
1888,ArmedForcesHospital
1889,ArmedForcesHospital
1890,ArmedForcesHospital
1891,ArmedForcesHospital
1892,ArmedForcesHospital
1893,BuramiHospital
1894,BuramiHospital
1895,BuramiHospital
1896,BuramiHospital
1897,BuramiHospital
1898,BuramiHospital
1899,BuramiHospital
1900,BuramiHospital
1901,BuramiHospital
1902,IbriHospital
1903,IbriHospital
1904,IbriHospital
1905,IbriHospital
1906,IbriHospital
1907,IbriHospital
1908,IbriHospital
1909,IbriHospital
1910,IbriHospital
1911,IbriHospital
1912,IbriHospital
1913,IbriHospital
1914,NizwaHospital
1915,NizwaHospital
1916,NizwaHospital
1917,NizwaHospital
1918,NizwaHospital
1919,NizwaHospital
1920,NizwaHospital
1921,NizwaHospital
1922,NizwaHospital
1923,NizwaHospital
1924,NizwaHospital
1925,NizwaHospital
1926,NizwaHospital
1927,NizwaHospital
1928,NizwaHospital
1929,NizwaHospital
1930,RoyalPoliceHospital
1931,RoyalPoliceHospital
1932,RoyalHospital
1933,RoyalHospital
1934,RoyalHospital
1935,RoyalHospital
1936,RoyalHospital
1937,RoyalHospital
1938,RoyalHospital
1939,RoyalHospital
1940,RoyalHospital
1941,RoyalHospital
1942,RoyalHospital
1943,RoyalHospital
1944,RoyalHospital
1945,RoyalHospital
1946,RoyalHospital
1947,RoyalHospital
1948,RoyalHospital
1949,RoyalHospital
1950,RoyalHospital
1951,RoyalHospital
1952,RoyalHospital
1953,RoyalHospital
1954,RoyalHospital
1955,RoyalHospital
1956,RoyalHospital
1957,RoyalHospital
1958,RoyalHospital
1959,RoyalHospital
1960,RoyalHospital
1961,RoyalHospital
1962,RoyalHospital
1963,RoyalHospital
1964,RoyalHospital
1965,RoyalHospital
1966,RoyalHospital
1967,RoyalHospital
1968,RoyalHospital
1969,RoyalHospital
1970,RoyalHospital
1971,RoyalHospital
1972,RoyalHospital
1973,RoyalHospital
1974,RoyalHospital
1975,RoyalHospital
1976,RoyalHospital
1977,RoyalHospital
1978,RoyalHospital
1979,RoyalHospital
1980,RoyalHospital
1981,RoyalHospital
1982,RoyalHospital
1983,RoyalHospital
1984,RoyalHospital
1985,RoyalHospital
1986,RoyalHospital
1987,RoyalHospital
1988,RustaqHospital
1989,RustaqHospital
1990,RustaqHospital
1991,RustaqHospital
1992,RustaqHospital
1993,RustaqHospital
1994,RustaqHospital
1995,RustaqHospital
1996,RustaqHospital
1997,RustaqHospital
1998,RustaqHospital
1999,RustaqHospital
2000,RustaqHospital
2001,RustaqHospital
2002,RustaqHospital
2003,RustaqHospital
2004,SoharHospital
2005,SoharHospital
2006,SoharHospital
2007,SoharHospital
2008,SoharHospital
2009,SoharHospital
2010,SoharHospital
2011,SoharHospital
2012,SoharHospital
2013,SoharHospital
2014,SoharHospital
2015,SoharHospital
2016,SoharHospital
2017,SoharHospital
2018,SoharHospital
2019,SoharHospital
2020,SoharHospital
2021,SoharHospital
2022,SoharHospital
2023,SoharHospital
2024,SoharHospital
2025,SoharHospital
2026,SoharHospital
2027,SoharHospital
2028,SoharHospital
2029,SoharHospital
2030,SoharHospital
2031,SoharHospital
2032,SoharHospital
2033,SoharHospital
2034,SoharHospital
2035,SoharHospital
2036,SoharHospital
2037,SoharHospital
2038,SoharHospital
2039,SoharHospital
2040,SoharHospital
2041,SoharHospital
2042,SoharHospital
2043,SoharHospital
2044,SoharHospital
2045,SoharHospital
2046,SoharHospital
2047,SoharHospital
2048,SoharHospital
2049,SoharHospital
2050,SoharHospital
2051,SultanQaboosSalalahHospital
2052,SultanQaboosSalalahHospital
2053,SultanQaboosSalalahHospital
2054,SultanQaboosSalalahHospital
2055,SultanQaboosSalalahHospital
2056,SultanQaboosSalalahHospital
2057,SultanQaboosSalalahHospital
2058,SultanQaboosSalalahHospital
2059,SultanQaboosSalalahHospital
2060,SultanQaboosSalalahHospital
2061,SultanQaboosSalalahHospital
2062,SultanQaboosSalalahHospital
2063,SultanQaboosSalalahHospital
2064,SultanQaboosSalalahHospital
2065,SultanQaboosSalalahHospital
2066,SultanQaboosSalalahHospital
2067,SultanQaboosSalalahHospital
2068,SultanQaboosSalalahHospital
2069,SultanQaboosSalalahHospital
2070,SultanQaboosSalalahHospital
2071,SultanQaboosSalalahHospital
2072,SultanQaboosSalalahHospital
2073,SultanQaboosSalalahHospital
2074,SultanQaboosSalalahHospital
2075,SultanQaboosSalalahHospital
2076,SultanQaboosSalalahHospital
2077,SultanQaboosSalalahHospital
2078,SultanQaboosSalalahHospital
2079,SultanQaboosSalalahHospital
2080,SultanQaboosSalalahHospital
2081,SultanQaboosSalalahHospital
2082,SultanQaboosSalalahHospital
2083,SultanQaboosSalalahHospital
2084,SultanQaboosSalalahHospital
2085,SultanQaboosSalalahHospital
2086,SultanQaboosSalalahHospital
2087,SultanQaboosSalalahHospital
2088,SultanQaboosSalalahHospital
2089,SultanQaboosSalalahHospital
2090,SultanQaboosSalalahHospital
2091,SultanQaboosSalalahHospital
2092,SultanQaboosSalalahHospital
2093,SultanQaboosSalalahHospital
2094,SultanQaboosSalalahHospital
2095,SultanQaboosSalalahHospital
2096,SultanQaboosSalalahHospital
2097,SumailHospital
2098,SumailHospital
2099,SumailHospital
2100,SurHospital
2101,SurHospital
2102,SurHospital
2103,SurHospital
2104,SurHospital
2105,SurHospital
2106,SurHospital
2107,SurHospital
2108,SurHospital
2109,SurHospital
2110,SurHospital
2111,SurHospital
2112,SurHospital
2113,SurHospital
2114,SurHospital
2115,DubaiHospital
2116,DubaiHospital
2117,DubaiHospital
2118,DubaiHospital
2119,DubaiHospital
2120,DubaiHospital
2121,DubaiHospital
2122,DubaiHospital
2123,DubaiHospital
2124,DubaiHospital
2125,DubaiHospital
2126,DubaiHospital
2127,DubaiHospital
2128,DubaiHospital
2129,DubaiHospital
2130,DubaiHospital
2131,DubaiHospital
2132,DubaiHospital
2133,DubaiHospital
2134,FujairahHospital
2135,FujairahHospital
2136,FujairahHospital
2137,KhorfakanHospital
2138,KhorfakanHospital
2139,KhorfakanHospital
2140,KhorfakanHospital
2141,KhorfakanHospital
2142,QasimiHospital
2143,QasimiHospital
2144,QasimiHospital
2145,QasimiHospital
2146,QasimiHospital
2147,QasimiHospital
2148,QasimiHospital
2149,QasimiHospital
2150,QasimiHospital
2151,QasimiHospital
2152,QasimiHospital
2153,QasimiHospital
2154,QasimiHospital
2155,QasimiHospital
2156,QasimiHospital
2157,QasimiHospital
2158,QasimiHospital
2159,QasimiHospital
2160,ObaidallahHospitalRAK
2161,ObaidallahHospitalRAK
2162,ObaidallahHospitalRAK
2163,ObaidallahHospitalRAK
2164,RashidHospital
2165,RashidHospital
2166,RashidHospital
2167,RashidHospital
2168,RashidHospital
2169,RashidHospital
2170,RashidHospital
2171,RashidHospital
2172,RashidHospital
2173,RashidHospital
2174,RashidHospital
2175,RashidHospital
2176,RashidHospital
2177,RashidHospital
2178,RashidHospital
2179,RashidHospital
2180,RashidHospital
2181,SKMCHospital
2182,SKMCHospital
2183,SKMCHospital
2184,SKMCHospital
2185,SKMCHospital
2186,SKMCHospital
2187,SKMCHospital
2188,SKMCHospital
2189,SKMCHospital
2190,SKMCHospital
2191,TawamHospital
2192,TawamHospital
2193,TawamHospital
2194,TawamHospital
2195,TawamHospital
2196,TawamHospital
2197,TawamHospital
2198,TawamHospital
2199,TawamHospital
2200,TawamHospital
2201,TawamHospital
2202,TawamHospital
2203,TawamHospital
2204,TawamHospital
2205,ZayedMilitaryHospital
2206,ZayedMilitaryHospital
2207,ZayedMilitaryHospital
2208,ZayedMilitaryHospital
2209,ZayedMilitaryHospital
2210,ZayedMilitaryHospital
2211,ZayedMilitaryHospital
2212,SalmaniyaHospital
2213,AdanHospital
2214,FarwaniyaHospital
2215,FarwaniyaHospital
2216,FarwaniyaHospital
2217,JahraHospital
2218,JahraHospital
2219,JahraHospital
2220,MubarakAlKabeerHospital
2221,BuramiHospital
2222,BuramiHospital
2223,IbriHospital
2224,IbriHospital
2225,IbriHospital
2226,NizwaHospital
2227,NizwaHospital
2228,RoyalHospital
2229,RoyalHospital
2230,RoyalHospital
2231,RustaqHospital
2232,RustaqHospital
2233,RustaqHospital
2234,RustaqHospital
2235,RustaqHospital
2236,RustaqHospital
2237,RustaqHospital
2238,RustaqHospital
2239,RustaqHospital
2240,RustaqHospital
2241,RustaqHospital
2242,RustaqHospital
2243,RustaqHospital
2244,RustaqHospital
2245,RustaqHospital
2246,RustaqHospital
2247,RustaqHospital
2248,RustaqHospital
2249,RustaqHospital
2250,SoharHospital
2251,SoharHospital
2252,SoharHospital
2253,SoharHospital
2254,SoharHospital
2255,SultanQaboosSalalahHospital
2256,SumailHospital
2257,SurHospital
2258,SurHospital
2259,SurHospital
2260,SurHospital
2261,SurHospital
2262,KhorfakanHospital
2263,KhorfakanHospital
2264,QasimiHospital
2265,QasimiHospital
2266,QasimiHospital
2267,ObaidallahHospitalRAK
2268,AdanHospital
2269,AdanHospital
2270,QasimiHospital
2271,MubarakAlKabeerHospital
2272,RustaqHospital
2273,NizwaHospital
2274,RustaqHospital
2275,SalmaniyaHospital
2276,SalmaniyaHospital
2277,SalmaniyaHospital
2278,AdanHospital
2279,AdanHospital
2280,AdanHospital
2281,AdanHospital
2282,AdanHospital
2283,AdanHospital
2284,AdanHospital
2285,AdanHospital
2286,AdanHospital
2287,AdanHospital
2288,FarwaniyaHospital
2289,FarwaniyaHospital
2290,JahraHospital
2291,JahraHospital
2292,JahraHospital
2293,MubarakAlKabeerHospital
2294,BuramiHospital
2295,IbriHospital
2296,NizwaHospital
2297,NizwaHospital
2298,RoyalPoliceHospital
2299,RoyalPoliceHospital
2300,RustaqHospital
2301,RustaqHospital
2302,RustaqHospital
2303,RustaqHospital
2304,SoharHospital
2305,SultanQaboosSalalahHospital
2306,SultanQaboosSalalahHospital
2307,SultanQaboosSalalahHospital
2308,SumailHospital
2309,SurHospital
2310,ObaidallahHospitalRAK
2311,RashidHospital
2312,SKMCHospital
2313,ZayedMilitaryHospital
2314,ZayedMilitaryHospital
2315,ArmedForcesHospital
2316,RustaqHospital
2317,RustaqHospital
2318,RustaqHospital
2319,RustaqHospital
2320,RustaqHospital
2321,RustaqHospital
2322,RustaqHospital
2323,RustaqHospital
2324,RustaqHospital
2325,SoharHospital
2326,SultanQaboosSalalahHospital
2327,SumailHospital
2328,KhorfakanHospital
2329,RustaqHospital
2330,SoharHospital
2331,SoharHospital
2332,BahlaHospital
2333,SalmaniyaHospital
2334,AdanHospital
2335,RoyalPoliceHospital
2336,FujairahHospital
2337,RustaqHospital
2338,SalmaniyaHospital
2339,SalmaniyaHospital
2340,SalmaniyaHospital
2341,SalmaniyaHospital
2342,SalmaniyaHospital
2343,SalmaniyaHospital
2344,SalmaniyaHospital
2345,SalmaniyaHospital
2346,SalmaniyaHospital
2347,SalmaniyaHospital
2348,SalmaniyaHospital
2349,SalmaniyaHospital
2350,SalmaniyaHospital
2351,SalmaniyaHospital
2352,SalmaniyaHospital
2353,SalmaniyaHospital
2354,SalmaniyaHospital
2355,SalmaniyaHospital
2356,SalmaniyaHospital
2357,SalmaniyaHospital
2358,SalmaniyaHospital
2359,SalmaniyaHospital
2360,SalmaniyaHospital
2361,SalmaniyaHospital
2362,SalmaniyaHospital
2363,SalmaniyaHospital
2364,SalmaniyaHospital
2365,SalmaniyaHospital
2366,SalmaniyaHospital
2367,SalmaniyaHospital
2368,SalmaniyaHospital
2369,SalmaniyaHospital
2370,SalmaniyaHospital
2371,SalmaniyaHospital
2372,SalmaniyaHospital
2373,SalmaniyaHospital
2374,SalmaniyaHospital
2375,SalmaniyaHospital
2376,SalmaniyaHospital
2377,SalmaniyaHospital
2378,SalmaniyaHospital
2379,SalmaniyaHospital
2380,SalmaniyaHospital
2381,SalmaniyaHospital
2382,SalmaniyaHospital
2383,SalmaniyaHospital
2384,SalmaniyaHospital
2385,SalmaniyaHospital
2386,SalmaniyaHospital
2387,SalmaniyaHospital
2388,SalmaniyaHospital
2389,SalmaniyaHospital
2390,SalmaniyaHospital
2391,SalmaniyaHospital
2392,SalmaniyaHospital
2393,SalmaniyaHospital
2394,SalmaniyaHospital
2395,SalmaniyaHospital
2396,SalmaniyaHospital
2397,SalmaniyaHospital
2398,SalmaniyaHospital
2399,SalmaniyaHospital
2400,SalmaniyaHospital
2401,SalmaniyaHospital
2402,SalmaniyaHospital
2403,SalmaniyaHospital
2404,SalmaniyaHospital
2405,SalmaniyaHospital
2406,SalmaniyaHospital
2407,SalmaniyaHospital
2408,SalmaniyaHospital
2409,SalmaniyaHospital
2410,SalmaniyaHospital
2411,SalmaniyaHospital
2412,SalmaniyaHospital
2413,SalmaniyaHospital
2414,SalmaniyaHospital
2415,SalmaniyaHospital
2416,SalmaniyaHospital
2417,SalmaniyaHospital
2418,SalmaniyaHospital
2419,SalmaniyaHospital
2420,SalmaniyaHospital
2421,SalmaniyaHospital
2422,SalmaniyaHospital
2423,SalmaniyaHospital
2424,SalmaniyaHospital
2425,SalmaniyaHospital
2426,SalmaniyaHospital
2427,SalmaniyaHospital
2428,SalmaniyaHospital
2429,SalmaniyaHospital
2430,SalmaniyaHospital
2431,SalmaniyaHospital
2432,SalmaniyaHospital
2433,SalmaniyaHospital
2434,SalmaniyaHospital
2435,SalmaniyaHospital
2436,SalmaniyaHospital
2437,SalmaniyaHospital
2438,SalmaniyaHospital
2439,SalmaniyaHospital
2440,SalmaniyaHospital
2441,SalmaniyaHospital
2442,SalmaniyaHospital
2443,SalmaniyaHospital
2444,SalmaniyaHospital
2445,SalmaniyaHospital
2446,SalmaniyaHospital
2447,SalmaniyaHospital
2448,SalmaniyaHospital
2449,SalmaniyaHospital
2450,SalmaniyaHospital
2451,SalmaniyaHospital
2452,SalmaniyaHospital
2453,SalmaniyaHospital
2454,SalmaniyaHospital
2455,SalmaniyaHospital
2456,SalmaniyaHospital
2457,SalmaniyaHospital
2458,SalmaniyaHospital
2459,SalmaniyaHospital
2460,SalmaniyaHospital
2461,SalmaniyaHospital
2462,SalmaniyaHospital
2463,SalmaniyaHospital
2464,SalmaniyaHospital
2465,SalmaniyaHospital
2466,SalmaniyaHospital
2467,SalmaniyaHospital
2468,SalmaniyaHospital
2469,SalmaniyaHospital
2470,SalmaniyaHospital
2471,SalmaniyaHospital
2472,SalmaniyaHospital
2473,SalmaniyaHospital
2474,SalmaniyaHospital
2475,SalmaniyaHospital
2476,SalmaniyaHospital
2477,SalmaniyaHospital
2478,SalmaniyaHospital
2479,SalmaniyaHospital
2480,SalmaniyaHospital
2481,SalmaniyaHospital
2482,SalmaniyaHospital
2483,SalmaniyaHospital
2484,SalmaniyaHospital
2485,SalmaniyaHospital
2486,BDFHospital
2487,BDFHospital
2488,BDFHospital
2489,BDFHospital
2490,BDFHospital
2491,BDFHospital
2492,BDFHospital
2493,BDFHospital
2494,BDFHospital
2495,BDFHospital
2496,BDFHospital
2497,BDFHospital
2498,BDFHospital
2499,BDFHospital
2500,BDFHospital
2501,BDFHospital
2502,BDFHospital
2503,BDFHospital
2504,BDFHospital
2505,BDFHospital
2506,BDFHospital
2507,BDFHospital
2508,BDFHospital
2509,BDFHospital
2510,BDFHospital
2511,BDFHospital
2512,BDFHospital
2513,BDFHospital
2514,BDFHospital
2515,BDFHospital
2516,BDFHospital
2517,BDFHospital
2518,BDFHospital
2519,BDFHospital
2520,BDFHospital
2521,BDFHospital
2522,BDFHospital
2523,BDFHospital
2524,BDFHospital
2525,BDFHospital
2526,BDFHospital
2527,BDFHospital
2528,BDFHospital
2529,BDFHospital
2530,BDFHospital
2531,BDFHospital
2532,AdanHospital
2533,AdanHospital
2534,AdanHospital
2535,AdanHospital
2536,AdanHospital
2537,AdanHospital
2538,AdanHospital
2539,AdanHospital
2540,AdanHospital
2541,AdanHospital
2542,AdanHospital
2543,AdanHospital
2544,AdanHospital
2545,AdanHospital
2546,AdanHospital
2547,AdanHospital
2548,AdanHospital
2549,AdanHospital
2550,AdanHospital
2551,AdanHospital
2552,AdanHospital
2553,AdanHospital
2554,AdanHospital
2555,AdanHospital
2556,AdanHospital
2557,AdanHospital
2558,FarwaniyaHospital
2559,FarwaniyaHospital
2560,FarwaniyaHospital
2561,FarwaniyaHospital
2562,FarwaniyaHospital
2563,FarwaniyaHospital
2564,FarwaniyaHospital
2565,FarwaniyaHospital
2566,FarwaniyaHospital
2567,FarwaniyaHospital
2568,FarwaniyaHospital
2569,FarwaniyaHospital
2570,FarwaniyaHospital
2571,FarwaniyaHospital
2572,FarwaniyaHospital
2573,FarwaniyaHospital
2574,FarwaniyaHospital
2575,FarwaniyaHospital
2576,FarwaniyaHospital
2577,FarwaniyaHospital
2578,FarwaniyaHospital
2579,FarwaniyaHospital
2580,FarwaniyaHospital
2581,FarwaniyaHospital
2582,FarwaniyaHospital
2583,FarwaniyaHospital
2584,FarwaniyaHospital
2585,FarwaniyaHospital
2586,FarwaniyaHospital
2587,FarwaniyaHospital
2588,FarwaniyaHospital
2589,FarwaniyaHospital
2590,FarwaniyaHospital
2591,FarwaniyaHospital
2592,FarwaniyaHospital
2593,FarwaniyaHospital
2594,FarwaniyaHospital
2595,FarwaniyaHospital
2596,FarwaniyaHospital
2597,FarwaniyaHospital
2598,FarwaniyaHospital
2599,FarwaniyaHospital
2600,FarwaniyaHospital
2601,FarwaniyaHospital
2602,FarwaniyaHospital
2603,FarwaniyaHospital
2604,FarwaniyaHospital
2605,FarwaniyaHospital
2606,FarwaniyaHospital
2607,FarwaniyaHospital
2608,FarwaniyaHospital
2609,FarwaniyaHospital
2610,FarwaniyaHospital
2611,FarwaniyaHospital
2612,FarwaniyaHospital
2613,FarwaniyaHospital
2614,FarwaniyaHospital
2615,FarwaniyaHospital
2616,FarwaniyaHospital
2617,FarwaniyaHospital
2618,FarwaniyaHospital
2619,FarwaniyaHospital
2620,FarwaniyaHospital
2621,FarwaniyaHospital
2622,FarwaniyaHospital
2623,FarwaniyaHospital
2624,FarwaniyaHospital
2625,FarwaniyaHospital
2626,FarwaniyaHospital
2627,FarwaniyaHospital
2628,FarwaniyaHospital
2629,FarwaniyaHospital
2630,FarwaniyaHospital
2631,FarwaniyaHospital
2632,FarwaniyaHospital
2633,FarwaniyaHospital
2634,FarwaniyaHospital
2635,FarwaniyaHospital
2636,FarwaniyaHospital
2637,FarwaniyaHospital
2638,FarwaniyaHospital
2639,FarwaniyaHospital
2640,FarwaniyaHospital
2641,FarwaniyaHospital
2642,FarwaniyaHospital
2643,FarwaniyaHospital
2644,FarwaniyaHospital
2645,FarwaniyaHospital
2646,FarwaniyaHospital
2647,FarwaniyaHospital
2648,FarwaniyaHospital
2649,FarwaniyaHospital
2650,FarwaniyaHospital
2651,FarwaniyaHospital
2652,FarwaniyaHospital
2653,FarwaniyaHospital
2654,FarwaniyaHospital
2655,FarwaniyaHospital
2656,FarwaniyaHospital
2657,FarwaniyaHospital
2658,FarwaniyaHospital
2659,FarwaniyaHospital
2660,FarwaniyaHospital
2661,FarwaniyaHospital
2662,FarwaniyaHospital
2663,FarwaniyaHospital
2664,FarwaniyaHospital
2665,FarwaniyaHospital
2666,FarwaniyaHospital
2667,FarwaniyaHospital
2668,FarwaniyaHospital
2669,FarwaniyaHospital
2670,FarwaniyaHospital
2671,FarwaniyaHospital
2672,FarwaniyaHospital
2673,FarwaniyaHospital
2674,FarwaniyaHospital
2675,FarwaniyaHospital
2676,FarwaniyaHospital
2677,FarwaniyaHospital
2678,FarwaniyaHospital
2679,FarwaniyaHospital
2680,FarwaniyaHospital
2681,FarwaniyaHospital
2682,FarwaniyaHospital
2683,FarwaniyaHospital
2684,FarwaniyaHospital
2685,FarwaniyaHospital
2686,FarwaniyaHospital
2687,FarwaniyaHospital
2688,FarwaniyaHospital
2689,JahraHospital
2690,JahraHospital
2691,JahraHospital
2692,JahraHospital
2693,JahraHospital
2694,JahraHospital
2695,JahraHospital
2696,JahraHospital
2697,JahraHospital
2698,JahraHospital
2699,JahraHospital
2700,JahraHospital
2701,JahraHospital
2702,AhmadiKOCHospital
2703,AhmadiKOCHospital
2704,AhmadiKOCHospital
2705,AhmadiKOCHospital
2706,AhmadiKOCHospital
2707,AhmadiKOCHospital
2708,AhmadiKOCHospital
2709,AhmadiKOCHospital
2710,AhmadiKOCHospital
2711,AhmadiKOCHospital
2712,AhmadiKOCHospital
2713,AhmadiKOCHospital
2714,MubarakAlKabeerHospital
2715,MubarakAlKabeerHospital
2716,MubarakAlKabeerHospital
2717,MubarakAlKabeerHospital
2718,MubarakAlKabeerHospital
2719,MubarakAlKabeerHospital
2720,MubarakAlKabeerHospital
2721,MubarakAlKabeerHospital
2722,MubarakAlKabeerHospital
2723,MubarakAlKabeerHospital
2724,MubarakAlKabeerHospital
2725,MubarakAlKabeerHospital
2726,MubarakAlKabeerHospital
2727,MubarakAlKabeerHospital
2728,MubarakAlKabeerHospital
2729,MubarakAlKabeerHospital
2730,MubarakAlKabeerHospital
2731,MubarakAlKabeerHospital
2732,MubarakAlKabeerHospital
2733,MubarakAlKabeerHospital
2734,MubarakAlKabeerHospital
2735,MubarakAlKabeerHospital
2736,MubarakAlKabeerHospital
2737,MubarakAlKabeerHospital
2738,MubarakAlKabeerHospital
2739,MubarakAlKabeerHospital
2740,MubarakAlKabeerHospital
2741,MubarakAlKabeerHospital
2742,MubarakAlKabeerHospital
2743,MubarakAlKabeerHospital
2744,MubarakAlKabeerHospital
2745,MubarakAlKabeerHospital
2746,MubarakAlKabeerHospital
2747,MubarakAlKabeerHospital
2748,MubarakAlKabeerHospital
2749,MubarakAlKabeerHospital
2750,MubarakAlKabeerHospital
2751,MubarakAlKabeerHospital
2752,MubarakAlKabeerHospital
2753,MubarakAlKabeerHospital
2754,MubarakAlKabeerHospital
2755,MubarakAlKabeerHospital
2756,MubarakAlKabeerHospital
2757,MubarakAlKabeerHospital
2758,MubarakAlKabeerHospital
2759,MubarakAlKabeerHospital
2760,MubarakAlKabeerHospital
2761,MubarakAlKabeerHospital
2762,MubarakAlKabeerHospital
2763,MubarakAlKabeerHospital
2764,MubarakAlKabeerHospital
2765,MubarakAlKabeerHospital
2766,MubarakAlKabeerHospital
2767,SabahHospital
2768,SabahHospital
2769,SabahHospital
2770,SabahHospital
2771,SabahHospital
2772,SabahHospital
2773,SabahHospital
2774,SabahHospital
2775,SabahHospital
2776,BahlaHospital
2777,BahlaHospital
2778,BuramiHospital
2779,IbriHospital
2780,IbriHospital
2781,IbriHospital
2782,IbriHospital
2783,IbriHospital
2784,IbriHospital
2785,IbriHospital
2786,IbriHospital
2787,IbriHospital
2788,IbriHospital
2789,IbriHospital
2790,NizwaHospital
2791,NizwaHospital
2792,NizwaHospital
2793,NizwaHospital
2794,NizwaHospital
2795,NizwaHospital
2796,NizwaHospital
2797,NizwaHospital
2798,NizwaHospital
2799,NizwaHospital
2800,RoyalPoliceHospital
2801,RoyalPoliceHospital
2802,RoyalHospital
2803,RoyalHospital
2804,RoyalHospital
2805,RoyalHospital
2806,RoyalHospital
2807,RoyalHospital
2808,RoyalHospital
2809,RoyalHospital
2810,RoyalHospital
2811,RoyalHospital
2812,RoyalHospital
2813,RoyalHospital
2814,RoyalHospital
2815,RoyalHospital
2816,RoyalHospital
2817,RoyalHospital
2818,RoyalHospital
2819,RoyalHospital
2820,RoyalHospital
2821,RoyalHospital
2822,RoyalHospital
2823,RoyalHospital
2824,RoyalHospital
2825,RoyalHospital
2826,RoyalHospital
2827,RoyalHospital
2828,RoyalHospital
2829,RoyalHospital
2830,RoyalHospital
2831,RoyalHospital
2832,RoyalHospital
2833,RoyalHospital
2834,RoyalHospital
2835,RoyalHospital
2836,RoyalHospital
2837,RoyalHospital
2838,RoyalHospital
2839,RoyalHospital
2840,RoyalHospital
2841,RoyalHospital
2842,RoyalHospital
2843,RoyalHospital
2844,RoyalHospital
2845,RoyalHospital
2846,RoyalHospital
2847,RoyalHospital
2848,RoyalHospital
2849,RoyalHospital
2850,RoyalHospital
2851,RoyalHospital
2852,RoyalHospital
2853,RoyalHospital
2854,RoyalHospital
2855,RoyalHospital
2856,RoyalHospital
2857,RoyalHospital
2858,RustaqHospital
2859,RustaqHospital
2860,RustaqHospital
2861,RustaqHospital
2862,RustaqHospital
2863,SoharHospital
2864,SoharHospital
2865,SoharHospital
2866,SoharHospital
2867,SoharHospital
2868,SoharHospital
2869,SoharHospital
2870,SoharHospital
2871,SoharHospital
2872,SoharHospital
2873,SoharHospital
2874,SoharHospital
2875,SoharHospital
2876,SoharHospital
2877,SoharHospital
2878,SoharHospital
2879,SoharHospital
2880,SoharHospital
2881,SoharHospital
2882,SoharHospital
2883,SoharHospital
2884,SoharHospital
2885,SoharHospital
2886,SoharHospital
2887,SoharHospital
2888,SoharHospital
2889,SoharHospital
2890,SoharHospital
2891,SoharHospital
2892,SoharHospital
2893,SoharHospital
2894,SultanQaboosSalalahHospital
2895,SultanQaboosSalalahHospital
2896,SultanQaboosSalalahHospital
2897,SultanQaboosSalalahHospital
2898,SultanQaboosSalalahHospital
2899,SultanQaboosSalalahHospital
2900,SultanQaboosSalalahHospital
2901,SultanQaboosSalalahHospital
2902,SultanQaboosSalalahHospital
2903,SultanQaboosSalalahHospital
2904,SultanQaboosSalalahHospital
2905,SultanQaboosSalalahHospital
2906,SultanQaboosSalalahHospital
2907,SultanQaboosSalalahHospital
2908,SultanQaboosSalalahHospital
2909,SultanQaboosSalalahHospital
2910,SultanQaboosSalalahHospital
2911,SultanQaboosSalalahHospital
2912,SultanQaboosSalalahHospital
2913,SultanQaboosSalalahHospital
2914,SultanQaboosSalalahHospital
2915,SultanQaboosSalalahHospital
2916,SultanQaboosSalalahHospital
2917,SultanQaboosSalalahHospital
2918,SultanQaboosSalalahHospital
2919,SultanQaboosSalalahHospital
2920,SultanQaboosSalalahHospital
2921,SultanQaboosSalalahHospital
2922,SultanQaboosSalalahHospital
2923,SultanQaboosSalalahHospital
2924,SultanQaboosSalalahHospital
2925,SultanQaboosSalalahHospital
2926,SultanQaboosSalalahHospital
2927,SultanQaboosSalalahHospital
2928,SultanQaboosSalalahHospital
2929,SultanQaboosSalalahHospital
2930,SultanQaboosSalalahHospital
2931,SultanQaboosSalalahHospital
2932,SultanQaboosSalalahHospital
2933,SultanQaboosSalalahHospital
2934,SultanQaboosSalalahHospital
2935,SultanQaboosSalalahHospital
2936,SultanQaboosSalalahHospital
2937,SultanQaboosSalalahHospital
2938,SultanQaboosSalalahHospital
2939,SultanQaboosSalalahHospital
2940,SultanQaboosSalalahHospital
2941,SultanQaboosSalalahHospital
2942,SultanQaboosSalalahHospital
2943,SultanQaboosSalalahHospital
2944,SultanQaboosSalalahHospital
2945,SultanQaboosSalalahHospital
2946,SultanQaboosSalalahHospital
2947,SultanQaboosSalalahHospital
2948,SultanQaboosSalalahHospital
2949,SultanQaboosSalalahHospital
2950,SultanQaboosSalalahHospital
2951,SultanQaboosSalalahHospital
2952,SultanQaboosSalalahHospital
2953,SultanQaboosSalalahHospital
2954,SultanQaboosSalalahHospital
2955,SultanQaboosSalalahHospital
2956,SultanQaboosSalalahHospital
2957,SultanQaboosSalalahHospital
2958,SultanQaboosSalalahHospital
2959,SultanQaboosSalalahHospital
2960,SultanQaboosSalalahHospital
2961,SultanQaboosSalalahHospital
2962,SultanQaboosSalalahHospital
2963,SultanQaboosSalalahHospital
2964,SultanQaboosSalalahHospital
2965,SumailHospital
2966,SumailHospital
2967,SumailHospital
2968,SumailHospital
2969,SumailHospital
2970,SumailHospital
2971,SumailHospital
2972,SumailHospital
2973,SurHospital
2974,SurHospital
2975,SurHospital
2976,DubaiHospital
2977,DubaiHospital
2978,DubaiHospital
2979,DubaiHospital
2980,DubaiHospital
2981,DubaiHospital
2982,DubaiHospital
2983,DubaiHospital
2984,DubaiHospital
2985,DubaiHospital
2986,DubaiHospital
2987,DubaiHospital
2988,DubaiHospital
2989,DubaiHospital
2990,DubaiHospital
2991,DubaiHospital
2992,DubaiHospital
2993,DubaiHospital
2994,DubaiHospital
2995,DubaiHospital
2996,DubaiHospital
2997,DubaiHospital
2998,DubaiHospital
2999,DubaiHospital
3000,DubaiHospital
3001,DubaiHospital
3002,FujairahHospital
3003,KhorfakanHospital
3004,KhorfakanHospital
3005,KhorfakanHospital
3006,KhorfakanHospital
3007,KhorfakanHospital
3008,KhorfakanHospital
3009,KhorfakanHospital
3010,KhorfakanHospital
3011,KhorfakanHospital
3012,KhorfakanHospital
3013,KhorfakanHospital
3014,KhorfakanHospital
3015,QasimiHospital
3016,QasimiHospital
3017,QasimiHospital
3018,QasimiHospital
3019,QasimiHospital
3020,QasimiHospital
3021,QasimiHospital
3022,QasimiHospital
3023,QasimiHospital
3024,QasimiHospital
3025,QasimiHospital
3026,QasimiHospital
3027,QasimiHospital
3028,QasimiHospital
3029,QasimiHospital
3030,QasimiHospital
3031,QasimiHospital
3032,QasimiHospital
3033,QasimiHospital
3034,QasimiHospital
3035,QasimiHospital
3036,QasimiHospital
3037,QasimiHospital
3038,QasimiHospital
3039,QasimiHospital
3040,QasimiHospital
3041,QasimiHospital
3042,QasimiHospital
3043,QasimiHospital
3044,QasimiHospital
3045,QasimiHospital
3046,QasimiHospital
3047,QasimiHospital
3048,QasimiHospital
3049,QasimiHospital
3050,QasimiHospital
3051,QasimiHospital
3052,QasimiHospital
3053,QasimiHospital
3054,QasimiHospital
3055,QasimiHospital
3056,QasimiHospital
3057,QasimiHospital
3058,QasimiHospital
3059,QasimiHospital
3060,QasimiHospital
3061,QasimiHospital
3062,QasimiHospital
3063,QasimiHospital
3064,QasimiHospital
3065,QasimiHospital
3066,QasimiHospital
3067,QasimiHospital
3068,QasimiHospital
3069,QasimiHospital
3070,QasimiHospital
3071,QasimiHospital
3072,QasimiHospital
3073,QasimiHospital
3074,QasimiHospital
3075,QasimiHospital
3076,QasimiHospital
3077,QasimiHospital
3078,QasimiHospital
3079,QasimiHospital
3080,QasimiHospital
3081,QasimiHospital
3082,QasimiHospital
3083,QasimiHospital
3084,QasimiHospital
3085,QasimiHospital
3086,QasimiHospital
3087,QasimiHospital
3088,QasimiHospital
3089,QasimiHospital
3090,QasimiHospital
3091,QasimiHospital
3092,QasimiHospital
3093,QasimiHospital
3094,QasimiHospital
3095,QasimiHospital
3096,QasimiHospital
3097,QasimiHospital
3098,QasimiHospital
3099,QasimiHospital
3100,QasimiHospital
3101,QasimiHospital
3102,QasimiHospital
3103,QasimiHospital
3104,QasimiHospital
3105,QasimiHospital
3106,QasimiHospital
3107,QasimiHospital
3108,QasimiHospital
3109,QasimiHospital
3110,QasimiHospital
3111,QasimiHospital
3112,QasimiHospital
3113,QasimiHospital
3114,QasimiHospital
3115,QasimiHospital
3116,QasimiHospital
3117,QasimiHospital
3118,QasimiHospital
3119,QasimiHospital
3120,QasimiHospital
3121,QasimiHospital
3122,QasimiHospital
3123,QasimiHospital
3124,QasimiHospital
3125,QasimiHospital
3126,QasimiHospital
3127,QasimiHospital
3128,QasimiHospital
3129,QasimiHospital
3130,QasimiHospital
3131,QasimiHospital
3132,QasimiHospital
3133,QasimiHospital
3134,QasimiHospital
3135,QasimiHospital
3136,QasimiHospital
3137,QasimiHospital
3138,QasimiHospital
3139,QasimiHospital
3140,QasimiHospital
3141,QasimiHospital
3142,QasimiHospital
3143,QasimiHospital
3144,QasimiHospital
3145,QasimiHospital
3146,QasimiHospital
3147,QasimiHospital
3148,QasimiHospital
3149,ObaidallahHospitalRAK
3150,ObaidallahHospitalRAK
3151,ObaidallahHospitalRAK
3152,ObaidallahHospitalRAK
3153,ObaidallahHospitalRAK
3154,ObaidallahHospitalRAK
3155,ObaidallahHospitalRAK
3156,ObaidallahHospitalRAK
3157,ObaidallahHospitalRAK
3158,ObaidallahHospitalRAK
3159,ObaidallahHospitalRAK
3160,ObaidallahHospitalRAK
3161,ObaidallahHospitalRAK
3162,ObaidallahHospitalRAK
3163,ObaidallahHospitalRAK
3164,ObaidallahHospitalRAK
3165,ObaidallahHospitalRAK
3166,ObaidallahHospitalRAK
3167,ObaidallahHospitalRAK
3168,ObaidallahHospitalRAK
3169,ObaidallahHospitalRAK
3170,RashidHospital
3171,RashidHospital
3172,RashidHospital
3173,RashidHospital
3174,RashidHospital
3175,RashidHospital
3176,RashidHospital
3177,RashidHospital
3178,RashidHospital
3179,RashidHospital
3180,RashidHospital
3181,RashidHospital
3182,RashidHospital
3183,RashidHospital
3184,RashidHospital
3185,RashidHospital
3186,RashidHospital
3187,RashidHospital
3188,RashidHospital
3189,SKMCHospital
3190,SKMCHospital
3191,SKMCHospital
3192,SKMCHospital
3193,SKMCHospital
3194,SKMCHospital
3195,SKMCHospital
3196,SKMCHospital
3197,SKMCHospital
3198,SKMCHospital
3199,SKMCHospital
3200,SKMCHospital
3201,SKMCHospital
3202,TawamHospital
3203,ZayedMilitaryHospital
3204,ZayedMilitaryHospital
3205,ZayedMilitaryHospital
3206,ZayedMilitaryHospital
3207,SalmaniyaHospital
3208,SalmaniyaHospital
3209,SalmaniyaHospital
3210,SalmaniyaHospital
3211,SalmaniyaHospital
3212,BDFHospital
3213,BDFHospital
3214,AdanHospital
3215,FarwaniyaHospital
3216,FarwaniyaHospital
3217,FarwaniyaHospital
3218,FarwaniyaHospital
3219,FarwaniyaHospital
3220,FarwaniyaHospital
3221,FarwaniyaHospital
3222,FarwaniyaHospital
3223,JahraHospital
3224,AhmadiKOCHospital
3225,MubarakAlKabeerHospital
3226,MubarakAlKabeerHospital
3227,MubarakAlKabeerHospital
3228,MubarakAlKabeerHospital
3229,MubarakAlKabeerHospital
3230,MubarakAlKabeerHospital
3231,SabahHospital
3232,NizwaHospital
3233,RoyalPoliceHospital
3234,RoyalPoliceHospital
3235,RoyalHospital
3236,RoyalHospital
3237,RoyalHospital
3238,RustaqHospital
3239,RustaqHospital
3240,RustaqHospital
3241,RustaqHospital
3242,RustaqHospital
3243,RustaqHospital
3244,RustaqHospital
3245,RustaqHospital
3246,RustaqHospital
3247,RustaqHospital
3248,RustaqHospital
3249,RustaqHospital
3250,SoharHospital
3251,SoharHospital
3252,SoharHospital
3253,SoharHospital
3254,SultanQaboosSalalahHospital
3255,SultanQaboosSalalahHospital
3256,SumailHospital
3257,SumailHospital
3258,SumailHospital
3259,SumailHospital
3260,DubaiHospital
3261,KhorfakanHospital
3262,KhorfakanHospital
3263,KhorfakanHospital
3264,KhorfakanHospital
3265,KhorfakanHospital
3266,QasimiHospital
3267,QasimiHospital
3268,ObaidallahHospitalRAK
3269,ObaidallahHospitalRAK
3270,SalmaniyaHospital
3271,NizwaHospital
3272,SalmaniyaHospital
3273,SalmaniyaHospital
3274,SalmaniyaHospital
3275,SalmaniyaHospital
3276,SalmaniyaHospital
3277,BDFHospital
3278,FarwaniyaHospital
3279,FarwaniyaHospital
3280,FarwaniyaHospital
3281,FarwaniyaHospital
3282,JahraHospital
3283,BahlaHospital
3284,NizwaHospital
3285,RustaqHospital
3286,SoharHospital
3287,SoharHospital
3288,SoharHospital
3289,SoharHospital
3290,SoharHospital
3291,SoharHospital
3292,SoharHospital
3293,SoharHospital
3294,SoharHospital
3295,SultanQaboosSalalahHospital
3296,SultanQaboosSalalahHospital
3297,KhorfakanHospital
3298,QasimiHospital
3299,ObaidallahHospitalRAK
3300,ObaidallahHospitalRAK
3301,ObaidallahHospitalRAK
3302,ObaidallahHospitalRAK
3303,ObaidallahHospitalRAK
3304,ObaidallahHospitalRAK
3305,ObaidallahHospitalRAK
3306,ObaidallahHospitalRAK
3307,ObaidallahHospitalRAK
3308,ObaidallahHospitalRAK
3309,ObaidallahHospitalRAK
3310,ObaidallahHospitalRAK
3311,ObaidallahHospitalRAK
3312,ObaidallahHospitalRAK
3313,ObaidallahHospitalRAK
3314,ObaidallahHospitalRAK
3315,ObaidallahHospitalRAK
3316,ObaidallahHospitalRAK
3317,SalmaniyaHospital
3318,FarwaniyaHospital
3319,JahraHospital
3320,MubarakAlKabeerHospital
3321,RoyalPoliceHospital
3322,SoharHospital
3323,SoharHospital
3324,SoharHospital
3325,SoharHospital
3326,SoharHospital
3327,SoharHospital
3328,KhorfakanHospital
3329,SalmaniyaHospital
3330,BDFHospital
3331,NizwaHospital
3332,QasimiHospital
3333,QasimiHospital
3334,QasimiHospital
3335,ObaidallahHospitalRAK
3336,RoyalPoliceHospital
3337,SabahHospital
3338,JahraHospital
3339,SabahHospital
3340,IbriHospital
3341,RoyalPoliceHospital
3342,SKMCHospital
3343,AdanHospital
3344,DubaiHospital
3345,SalmaniyaHospital
3346,SalmaniyaHospital
3347,SalmaniyaHospital
3348,RoyalHospital
3349,RoyalHospital
3350,QasimiHospital
3351,RoyalHospital
3352,RustaqHospital
3353,RustaqHospital
3354,SalmaniyaHospital
3355,AdanHospital
3356,RustaqHospital
3357,JahraHospital
3358,RoyalHospital
3359,RoyalHospital
3360,DubaiHospital
3361,ZayedMilitaryHospital
3362,RoyalHospital
3363,RoyalHospital
3364,QasimiHospital
3365,RoyalHospital
3366,RoyalHospital
3367,RoyalHospital
3368,RoyalHospital
3369,SalmaniyaHospital
3370,JahraHospital
3371,NizwaHospital
3372,SalmaniyaHospital
3373,SalmaniyaHospital
3374,AdanHospital
3375,MubarakAlKabeerHospital
3376,IbriHospital
3377,RoyalPoliceHospital
3378,SumailHospital
3379,QasimiHospital
3380,RustaqHospital
3381,AdanHospital
3382,AdanHospital
3383,DubaiHospital
3384,QasimiHospital
3385,QasimiHospital
3386,SKMCHospital
3387,MubarakAlKabeerHospital
3388,RustaqHospital
3389,SultanQaboosSalalahHospital
3390,MubarakAlKabeerHospital
3391,QasimiHospital
3392,ObaidallahHospitalRAK
3393,MubarakAlKabeerHospital
3394,SurHospital
3395,SalmaniyaHospital
3396,SalmaniyaHospital
3397,QasimiHospital
3398,QasimiHospital
3399,QasimiHospital
3400,SalmaniyaHospital
3401,SalmaniyaHospital
3402,SalmaniyaHospital
3403,MubarakAlKabeerHospital
3404,DubaiHospital
3405,ObaidallahHospitalRAK
3406,RoyalHospital
3407,SumailHospital
3408,BDFHospital
3409,AdanHospital
3410,KhorfakanHospital
3411,SalmaniyaHospital
3412,RustaqHospital
3413,RustaqHospital
3414,SoharHospital
3415,SoharHospital
3416,SoharHospital
3417,SalmaniyaHospital
3418,AdanHospital
3419,MubarakAlKabeerHospital
3420,MubarakAlKabeerHospital
3421,NizwaHospital
3422,NizwaHospital
3423,RoyalHospital
3424,RoyalHospital
3425,RustaqHospital
3426,SoharHospital
3427,DubaiHospital
3428,DubaiHospital
3429,DubaiHospital
3430,DubaiHospital
3431,RashidHospital
3432,SalmaniyaHospital
3433,NizwaHospital
3434,SultanQaboosSalalahHospital
3435,DubaiHospital
3436,SalmaniyaHospital
3437,SoharHospital
3438,SalmaniyaHospital
3439,SalmaniyaHospital
3440,SalmaniyaHospital
3441,SalmaniyaHospital
3442,AdanHospital
3443,AdanHospital
3444,AdanHospital
3445,FarwaniyaHospital
3446,JahraHospital
3447,NizwaHospital
3448,NizwaHospital
3449,RoyalHospital
3450,RoyalHospital
3451,RoyalHospital
3452,RoyalHospital
3453,RoyalHospital
3454,RoyalHospital
3455,RoyalHospital
3456,RoyalHospital
3457,RoyalHospital
3458,RoyalHospital
3459,RoyalHospital
3460,SoharHospital
3461,SoharHospital
3462,SoharHospital
3463,SoharHospital
3464,SultanQaboosSalalahHospital
3465,FujairahHospital
3466,QasimiHospital
3467,ObaidallahHospitalRAK
3468,RashidHospital
3469,TawamHospital
3470,JahraHospital
3471,RoyalHospital
3472,RoyalHospital
3473,RoyalHospital
3474,RoyalHospital
3475,SoharHospital
3476,SoharHospital
3477,SultanQaboosSalalahHospital
3478,KhorfakanHospital
3479,JahraHospital
3480,RoyalHospital
3481,AdanHospital
3482,RustaqHospital
3483,SoharHospital
3484,RoyalHospital
3485,SalmaniyaHospital
3486,MubarakAlKabeerHospital
3487,ZayedMilitaryHospital
3488,MubarakAlKabeerHospital
3489,MubarakAlKabeerHospital
3490,QasimiHospital
3491,KhorfakanHospital
3492,RustaqHospital
3493,SalmaniyaHospital
3494,SalmaniyaHospital
3495,AdanHospital
3496,AdanHospital
3497,JahraHospital
3498,JahraHospital
3499,ArmedForcesHospital
3500,RustaqHospital
3501,RustaqHospital
3502,SoharHospital
3503,SultanQaboosSalalahHospital
3504,SultanQaboosSalalahHospital
3505,SultanQaboosSalalahHospital
3506,SultanQaboosSalalahHospital
3507,SultanQaboosSalalahHospital
3508,SultanQaboosSalalahHospital
3509,SultanQaboosSalalahHospital
3510,DubaiHospital
3511,ArmedForcesHospital
3512,RustaqHospital
3513,RustaqHospital
3514,RustaqHospital
3515,RustaqHospital
3516,SalmaniyaHospital
3517,SalmaniyaHospital
3518,SalmaniyaHospital
3519,BDFHospital
3520,AdanHospital
3521,AdanHospital
3522,FarwaniyaHospital
3523,MubarakAlKabeerHospital
3524,IbriHospital
3525,RoyalHospital
3526,RustaqHospital
3527,RustaqHospital
3528,RustaqHospital
3529,SoharHospital
3530,SoharHospital
3531,SoharHospital
3532,SoharHospital
3533,SoharHospital
3534,SoharHospital
3535,SultanQaboosSalalahHospital
3536,ObaidallahHospitalRAK
3537,ObaidallahHospitalRAK
3538,RashidHospital
3539,SKMCHospital
3540,TawamHospital
3541,AdanHospital
3542,RoyalHospital
3543,RustaqHospital
3544,RustaqHospital
3545,SoharHospital
3546,SoharHospital
3547,SoharHospital
3548,SoharHospital
3549,SoharHospital
3550,SoharHospital
3551,SultanQaboosSalalahHospital
3552,SurHospital
3553,QasimiHospital
3554,AdanHospital
3555,BahlaHospital
3556,JahraHospital
3557,MubarakAlKabeerHospital
3558,SalmaniyaHospital
3559,BDFHospital
3560,AdanHospital
3561,AdanHospital
3562,SalmaniyaHospital
3563,KhorfakanHospital
3564,SalmaniyaHospital
3565,SalmaniyaHospital
3566,RoyalHospital
3567,SoharHospital
3568,KhorfakanHospital
3569,FarwaniyaHospital
3570,KhorfakanHospital
3571,NizwaHospital
3572,SalmaniyaHospital
3573,RoyalHospital
3574,SalmaniyaHospital
3575,RoyalHospital
3576,SultanQaboosSalalahHospital
3577,RoyalHospital
3578,RoyalHospital
3579,RoyalHospital
3580,RoyalHospital
3581,RoyalHospital
3582,RoyalHospital
3583,RoyalHospital
3584,RoyalHospital
3585,RoyalHospital
3586,RoyalHospital
3587,RoyalHospital
3588,RoyalHospital
3589,RoyalHospital
3590,RoyalHospital
3591,JahraHospital
3592,SoharHospital
3593,SalmaniyaHospital
3594,SultanQaboosSalalahHospital
3595,RustaqHospital
3596,SalmaniyaHospital
3597,RoyalHospital
3598,AdanHospital
3599,FarwaniyaHospital
3600,IbriHospital
3601,RoyalHospital
3602,DubaiHospital
3603,QasimiHospital
3604,AhmadiKOCHospital
3605,MubarakAlKabeerHospital
3606,SalmaniyaHospital
3607,SalmaniyaHospital
3608,ArmedForcesHospital
3609,SalmaniyaHospital
3610,IbriHospital
3611,SalmaniyaHospital
3612,SalmaniyaHospital
3613,SalmaniyaHospital
3614,SalmaniyaHospital
3615,SalmaniyaHospital
3616,SalmaniyaHospital
3617,SalmaniyaHospital
3618,SalmaniyaHospital
3619,SalmaniyaHospital
3620,SalmaniyaHospital
3621,SalmaniyaHospital
3622,SalmaniyaHospital
3623,SalmaniyaHospital
3624,SalmaniyaHospital
3625,SalmaniyaHospital
3626,SalmaniyaHospital
3627,SalmaniyaHospital
3628,SalmaniyaHospital
3629,SalmaniyaHospital
3630,SalmaniyaHospital
3631,SalmaniyaHospital
3632,SalmaniyaHospital
3633,SalmaniyaHospital
3634,SalmaniyaHospital
3635,SalmaniyaHospital
3636,SalmaniyaHospital
3637,SalmaniyaHospital
3638,SalmaniyaHospital
3639,SalmaniyaHospital
3640,SalmaniyaHospital
3641,SalmaniyaHospital
3642,SalmaniyaHospital
3643,SalmaniyaHospital
3644,SalmaniyaHospital
3645,SalmaniyaHospital
3646,SalmaniyaHospital
3647,SalmaniyaHospital
3648,SalmaniyaHospital
3649,SalmaniyaHospital
3650,SalmaniyaHospital
3651,SalmaniyaHospital
3652,SalmaniyaHospital
3653,SalmaniyaHospital
3654,SalmaniyaHospital
3655,SalmaniyaHospital
3656,SalmaniyaHospital
3657,SalmaniyaHospital
3658,SalmaniyaHospital
3659,SalmaniyaHospital
3660,FarwaniyaHospital
3661,FarwaniyaHospital
3662,FarwaniyaHospital
3663,FarwaniyaHospital
3664,FarwaniyaHospital
3665,FarwaniyaHospital
3666,FarwaniyaHospital
3667,JahraHospital
3668,JahraHospital
3669,AhmadiKOCHospital
3670,AhmadiKOCHospital
3671,AhmadiKOCHospital
3672,AhmadiKOCHospital
3673,MubarakAlKabeerHospital
3674,MubarakAlKabeerHospital
3675,MubarakAlKabeerHospital
3676,MubarakAlKabeerHospital
3677,MubarakAlKabeerHospital
3678,MubarakAlKabeerHospital
3679,MubarakAlKabeerHospital
3680,MubarakAlKabeerHospital
3681,MubarakAlKabeerHospital
3682,MubarakAlKabeerHospital
3683,MubarakAlKabeerHospital
3684,MubarakAlKabeerHospital
3685,MubarakAlKabeerHospital
3686,MubarakAlKabeerHospital
3687,MubarakAlKabeerHospital
3688,MubarakAlKabeerHospital
3689,MubarakAlKabeerHospital
3690,MubarakAlKabeerHospital
3691,SabahHospital
3692,SabahHospital
3693,SabahHospital
3694,SabahHospital
3695,SabahHospital
3696,SabahHospital
3697,SabahHospital
3698,SabahHospital
3699,SabahHospital
3700,SabahHospital
3701,SabahHospital
3702,ArmedForcesHospital
3703,NizwaHospital
3704,NizwaHospital
3705,RustaqHospital
3706,ObaidallahHospitalRAK
3707,ObaidallahHospitalRAK
3708,ObaidallahHospitalRAK
3709,ObaidallahHospitalRAK
3710,ObaidallahHospitalRAK
3711,ObaidallahHospitalRAK
3712,ObaidallahHospitalRAK
3713,SalmaniyaHospital
3714,FarwaniyaHospital
3715,FarwaniyaHospital
3716,FarwaniyaHospital
3717,FarwaniyaHospital
3718,JahraHospital
3719,JahraHospital
3720,JahraHospital
3721,JahraHospital
3722,MubarakAlKabeerHospital
3723,MubarakAlKabeerHospital
3724,MubarakAlKabeerHospital
3725,MubarakAlKabeerHospital
3726,MubarakAlKabeerHospital
3727,MubarakAlKabeerHospital
3728,MubarakAlKabeerHospital
3729,MubarakAlKabeerHospital
3730,MubarakAlKabeerHospital
3731,MubarakAlKabeerHospital
3732,MubarakAlKabeerHospital
3733,MubarakAlKabeerHospital
3734,MubarakAlKabeerHospital
3735,MubarakAlKabeerHospital
3736,MubarakAlKabeerHospital
3737,SabahHospital
3738,SabahHospital
3739,ArmedForcesHospital
3740,ArmedForcesHospital
3741,ArmedForcesHospital
3742,ArmedForcesHospital
3743,ArmedForcesHospital
3744,RustaqHospital
3745,SultanQaboosSalalahHospital
3746,SultanQaboosSalalahHospital
3747,SultanQaboosSalalahHospital
3748,SultanQaboosSalalahHospital
3749,KhorfakanHospital
3750,ObaidallahHospitalRAK
3751,ObaidallahHospitalRAK
3752,MubarakAlKabeerHospital
3753,MubarakAlKabeerHospital
3754,RustaqHospital
3755,JahraHospital
3756,JahraHospital
3757,RustaqHospital
3758,MubarakAlKabeerHospital
3759,SalmaniyaHospital
3760,SalmaniyaHospital
3761,MubarakAlKabeerHospital
3762,SabahHospital
3763,ObaidallahHospitalRAK
3764,ObaidallahHospitalRAK
3765,ObaidallahHospitalRAK
3766,FarwaniyaHospital
3767,FarwaniyaHospital
3768,FarwaniyaHospital
3769,FarwaniyaHospital
3770,ArmedForcesHospital
3771,ObaidallahHospitalRAK
3772,MubarakAlKabeerHospital
3773,JahraHospital
3774,MubarakAlKabeerHospital
3775,SabahHospital
3776,SalmaniyaHospital
3777,MubarakAlKabeerHospital
3778,SabahHospital
3779,KhorfakanHospital
3780,MubarakAlKabeerHospital
3781,MubarakAlKabeerHospital
3782,SalmaniyaHospital
3783,SalmaniyaHospital
3784,SalmaniyaHospital
3785,SalmaniyaHospital
3786,MubarakAlKabeerHospital
3787,ArmedForcesHospital
3788,SalmaniyaHospital
3789,SalmaniyaHospital
3790,SalmaniyaHospital
3791,SalmaniyaHospital
3792,SalmaniyaHospital
3793,SalmaniyaHospital
3794,SalmaniyaHospital
3795,SalmaniyaHospital
3796,SalmaniyaHospital
3797,SalmaniyaHospital
3798,SalmaniyaHospital
3799,SalmaniyaHospital
3800,SalmaniyaHospital
3801,SalmaniyaHospital
3802,SalmaniyaHospital
3803,SalmaniyaHospital
3804,SalmaniyaHospital
3805,SalmaniyaHospital
3806,SalmaniyaHospital
3807,SalmaniyaHospital
3808,SalmaniyaHospital
3809,SalmaniyaHospital
3810,SalmaniyaHospital
3811,SalmaniyaHospital
3812,SalmaniyaHospital
3813,SalmaniyaHospital
3814,SalmaniyaHospital
3815,SalmaniyaHospital
3816,SalmaniyaHospital
3817,SalmaniyaHospital
3818,SalmaniyaHospital
3819,SalmaniyaHospital
3820,SalmaniyaHospital
3821,SalmaniyaHospital
3822,SalmaniyaHospital
3823,SalmaniyaHospital
3824,SalmaniyaHospital
3825,SalmaniyaHospital
3826,SalmaniyaHospital
3827,SalmaniyaHospital
3828,SalmaniyaHospital
3829,SalmaniyaHospital
3830,SalmaniyaHospital
3831,SalmaniyaHospital
3832,SalmaniyaHospital
3833,SalmaniyaHospital
3834,SalmaniyaHospital
3835,SalmaniyaHospital
3836,SalmaniyaHospital
3837,SalmaniyaHospital
3838,SalmaniyaHospital
3839,SalmaniyaHospital
3840,SalmaniyaHospital
3841,SalmaniyaHospital
3842,FarwaniyaHospital
3843,FarwaniyaHospital
3844,FarwaniyaHospital
3845,JahraHospital
3846,JahraHospital
3847,JahraHospital
3848,JahraHospital
3849,JahraHospital
3850,JahraHospital
3851,JahraHospital
3852,AhmadiKOCHospital
3853,AhmadiKOCHospital
3854,AhmadiKOCHospital
3855,AhmadiKOCHospital
3856,AhmadiKOCHospital
3857,AhmadiKOCHospital
3858,MubarakAlKabeerHospital
3859,MubarakAlKabeerHospital
3860,MubarakAlKabeerHospital
3861,MubarakAlKabeerHospital
3862,MubarakAlKabeerHospital
3863,MubarakAlKabeerHospital
3864,MubarakAlKabeerHospital
3865,MubarakAlKabeerHospital
3866,MubarakAlKabeerHospital
3867,MubarakAlKabeerHospital
3868,MubarakAlKabeerHospital
3869,MubarakAlKabeerHospital
3870,MubarakAlKabeerHospital
3871,MubarakAlKabeerHospital
3872,MubarakAlKabeerHospital
3873,SabahHospital
3874,SabahHospital
3875,SabahHospital
3876,SabahHospital
3877,SabahHospital
3878,SabahHospital
3879,SabahHospital
3880,SabahHospital
3881,BuramiHospital
3882,BuramiHospital
3883,NizwaHospital
3884,RoyalPoliceHospital
3885,RustaqHospital
3886,SoharHospital
3887,ObaidallahHospitalRAK
3888,ObaidallahHospitalRAK
3889,ObaidallahHospitalRAK
3890,ObaidallahHospitalRAK
3891,ObaidallahHospitalRAK
3892,ObaidallahHospitalRAK
3893,ObaidallahHospitalRAK
3894,ObaidallahHospitalRAK
3895,ObaidallahHospitalRAK
3896,ObaidallahHospitalRAK
3897,ObaidallahHospitalRAK
3898,ObaidallahHospitalRAK
3899,ObaidallahHospitalRAK
3900,ObaidallahHospitalRAK
3901,SalmaniyaHospital
3902,SalmaniyaHospital
3903,SalmaniyaHospital
3904,FarwaniyaHospital
3905,FarwaniyaHospital
3906,JahraHospital
3907,AhmadiKOCHospital
3908,AhmadiKOCHospital
3909,AhmadiKOCHospital
3910,AhmadiKOCHospital
3911,AhmadiKOCHospital
3912,AhmadiKOCHospital
3913,AhmadiKOCHospital
3914,MubarakAlKabeerHospital
3915,MubarakAlKabeerHospital
3916,MubarakAlKabeerHospital
3917,MubarakAlKabeerHospital
3918,MubarakAlKabeerHospital
3919,ArmedForcesHospital
3920,ArmedForcesHospital
3921,ArmedForcesHospital
3922,IbriHospital
3923,RustaqHospital
3924,RustaqHospital
3925,SultanQaboosSalalahHospital
3926,ObaidallahHospitalRAK
3927,ObaidallahHospitalRAK
3928,ObaidallahHospitalRAK
3929,AhmadiKOCHospital
3930,FarwaniyaHospital
3931,JahraHospital
3932,JahraHospital
3933,MubarakAlKabeerHospital
3934,MubarakAlKabeerHospital
3935,JahraHospital
3936,MubarakAlKabeerHospital
3937,MubarakAlKabeerHospital
3938,ObaidallahHospitalRAK
3939,ObaidallahHospitalRAK
3940,SalmaniyaHospital
3941,FarwaniyaHospital
3942,MubarakAlKabeerHospital
3943,MubarakAlKabeerHospital
3944,IbriHospital
3945,SoharHospital
3946,MubarakAlKabeerHospital
3947,MubarakAlKabeerHospital
3948,AhmadiKOCHospital
3949,SabahHospital
3950,ObaidallahHospitalRAK
3951,SalmaniyaHospital
3952,ArmedForcesHospital
3953,SalmaniyaHospital
3954,SalmaniyaHospital
3955,SalmaniyaHospital
3956,SalmaniyaHospital
3957,SalmaniyaHospital
3958,SalmaniyaHospital
3959,SalmaniyaHospital
3960,SalmaniyaHospital
3961,SalmaniyaHospital
3962,SalmaniyaHospital
3963,SalmaniyaHospital
3964,SalmaniyaHospital
3965,SalmaniyaHospital
3966,SalmaniyaHospital
3967,SalmaniyaHospital
3968,SalmaniyaHospital
3969,SalmaniyaHospital
3970,SalmaniyaHospital
3971,SalmaniyaHospital
3972,SalmaniyaHospital
3973,SalmaniyaHospital
3974,SalmaniyaHospital
3975,SalmaniyaHospital
3976,SalmaniyaHospital
3977,SalmaniyaHospital
3978,SalmaniyaHospital
3979,SalmaniyaHospital
3980,FarwaniyaHospital
3981,FarwaniyaHospital
3982,AhmadiKOCHospital
3983,MubarakAlKabeerHospital
3984,MubarakAlKabeerHospital
3985,MubarakAlKabeerHospital
3986,MubarakAlKabeerHospital
3987,MubarakAlKabeerHospital
3988,MubarakAlKabeerHospital
3989,MubarakAlKabeerHospital
3990,MubarakAlKabeerHospital
3991,MubarakAlKabeerHospital
3992,MubarakAlKabeerHospital
3993,MubarakAlKabeerHospital
3994,MubarakAlKabeerHospital
3995,MubarakAlKabeerHospital
3996,MubarakAlKabeerHospital
3997,SabahHospital
3998,SabahHospital
3999,SalmaniyaHospital
4000,FarwaniyaHospital
4001,FarwaniyaHospital
4002,AhmadiKOCHospital
4003,AhmadiKOCHospital
4004,MubarakAlKabeerHospital
4005,MubarakAlKabeerHospital
4006,MubarakAlKabeerHospital
4007,MubarakAlKabeerHospital
4008,MubarakAlKabeerHospital
4009,MubarakAlKabeerHospital
4010,MubarakAlKabeerHospital
4011,MubarakAlKabeerHospital
4012,MubarakAlKabeerHospital
4013,MubarakAlKabeerHospital
4014,ArmedForcesHospital
4015,BuramiHospital
4016,SultanQaboosSalalahHospital
4017,KhorfakanHospital
4018,AhmadiKOCHospital
4019,MubarakAlKabeerHospital
4020,SabahHospital
4021,SalmaniyaHospital
4022,JahraHospital
4023,AhmadiKOCHospital
4024,MubarakAlKabeerHospital
4025,MubarakAlKabeerHospital
4026,SoharHospital
4027,FarwaniyaHospital
4028,SabahHospital
4029,SalmaniyaHospital
4030,AhmadiKOCHospital
4031,FarwaniyaHospital
4032,SabahHospital
4033,MubarakAlKabeerHospital
4034,MubarakAlKabeerHospital
4035,MubarakAlKabeerHospital
4036,SalmaniyaHospital
4037,SabahHospital
4038,SabahHospital
4039,NizwaHospital
4040,NizwaHospital
4041,SoharHospital
4042,RustaqHospital
4043,SultanQaboosSalalahHospital
4044,JahraHospital
4045,SultanQaboosSalalahHospital
4046,RoyalPoliceHospital
4047,SabahHospital
4048,AhmadiKOCHospital
4049,AhmadiKOCHospital
4050,FarwaniyaHospital
4051,AhmadiKOCHospital
4052,SalmaniyaHospital
4053,SalmaniyaHospital
4054,ObaidallahHospitalRAK
4055,SoharHospital
4056,BuramiHospital
4057,BuramiHospital
4058,ObaidallahHospitalRAK
4059,RustaqHospital
4060,FarwaniyaHospital
